release_time,pre_power_mean_kw,post_power_mean_kw,power_jump_ratio,post_exceeds_pre_by_10pct,pre_wind_mean_ms,pre_power_ref_mean_kw,pre_curtail_fraction,post_curtail_fraction
2025-09-05 03:14:00,462.4,481.3,1.04,False,9.28,612.1,1.0,0.0
2025-09-05 13:39:00,177.7,298.6,1.68,True,6.18,456.5,1.0,0.0
2025-09-06 00:10:00,144.0,145.8,1.01,False,6.04,321.7,1.0,0.0
2025-09-06 08:25:00,515.0,393.9,0.76,False,8.83,816.7,1.0,0.0
2025-09-07 15:46:00,682.7,699.4,1.02,False,10.65,816.5,1.0,0.0
2025-09-08 04:22:00,177.7,215.3,1.21,True,6.7,358.9,1.0,0.0
2025-09-08 05:55:00,124.1,144.2,1.16,True,6.57,288.1,1.0,0.0
2025-09-08 13:19:00,506.5,569.4,1.12,True,9.21,710.6,1.0,0.0
2025-09-09 04:26:00,237.6,247.9,1.04,False,6.79,600.4,1.0,0.0
2025-09-09 13:44:00,471.2,465.6,0.99,False,8.78,790.2,1.0,0.0
2025-09-09 15:31:00,282.0,381.0,1.35,True,8.41,376.7,1.0,0.0
2025-09-10 05:21:00,373.4,555.4,1.49,True,7.8,658.6,1.0,0.0
2025-09-10 14:11:00,269.2,360.9,1.34,True,8.25,370.1,1.0,0.0
2025-09-11 15:48:00,753.3,812.6,1.08,False,10.65,839.6,1.0,0.0
2025-09-12 16:20:00,449.5,807.1,1.8,True,8.79,655.7,1.0,0.0
2025-09-13 16:14:00,240.6,675.7,2.81,True,6.98,517.4,1.0,0.0
2025-09-14 16:44:00,203.6,127.5,0.63,False,6.36,711.0,1.0,0.0
2025-09-17 05:58:00,374.4,357.4,0.95,False,7.86,767.2,1.0,0.0
2025-09-18 06:34:00,907.7,1117.8,1.23,True,11.93,965.6,1.0,0.0
2025-09-18 07:34:00,885.7,421.4,0.48,False,10.92,1236.8,1.0,0.0
2025-09-18 20:35:00,562.4,766.5,1.36,True,11.17,631.4,1.0,0.0
2025-09-24 14:59:00,449.5,413.4,0.92,False,8.42,715.2,1.0,0.0
2025-09-25 11:30:00,563.5,348.9,0.62,False,9.39,873.7,1.0,0.0
2025-09-25 17:31:00,263.9,356.3,1.35,True,6.85,552.6,1.0,0.0
2025-09-26 00:01:00,172.8,266.3,1.54,True,6.89,223.1,1.0,0.0
2025-10-02 18:55:00,898.8,719.3,0.8,False,11.41,980.0,1.0,0.0
2025-10-03 04:34:00,313.1,517.8,1.65,True,8.46,472.7,1.0,0.0
2025-10-03 07:48:00,430.6,605.8,1.41,True,8.34,697.0,1.0,0.0
2025-10-03 17:39:00,573.5,1329.9,2.32,True,20.63,23.0,1.0,0.0
2025-10-03 19:06:00,989.6,1332.6,1.35,True,19.79,57.4,1.0,0.0
2025-10-04 07:44:00,756.8,583.3,0.77,False,10.0,1033.6,1.0,0.0
2025-10-05 17:04:00,1009.5,979.7,0.97,False,11.4,1220.5,1.0,0.0
2025-10-06 06:05:00,829.7,836.4,1.01,False,10.64,1098.9,1.0,0.0
2025-10-07 02:03:00,1006.3,1095.5,1.09,False,13.46,1012.3,1.0,0.1
2025-10-07 05:10:00,810.4,1320.8,1.63,True,11.99,749.2,1.0,0.0
2025-10-08 16:14:00,1028.9,1043.0,1.01,False,11.99,1109.8,1.0,0.0
2025-10-08 23:04:00,727.7,1017.2,1.4,True,11.2,772.3,1.0,0.0
2025-10-18 10:50:00,516.9,326.3,0.63,False,9.14,775.4,1.0,0.0
2025-10-18 15:57:00,614.9,859.9,1.4,True,11.13,642.3,1.0,0.0
2025-10-18 19:31:00,728.5,721.7,0.99,False,11.17,763.0,1.0,0.0
2025-10-19 11:19:00,566.6,255.2,0.45,False,8.97,849.4,1.0,0.0
2025-10-21 15:46:00,509.7,640.8,1.26,True,8.87,802.0,1.0,0.0
2025-10-24 15:55:00,927.1,921.0,0.99,False,11.19,1059.4,1.0,0.0
2025-10-27 06:43:00,198.6,154.6,0.78,False,6.22,428.8,1.0,0.0
2025-10-28 15:59:00,724.7,973.0,1.34,True,10.18,970.4,1.0,0.0
2025-10-29 06:23:00,1108.3,1332.3,1.2,True,14.11,1112.5,1.0,0.0
2025-10-31 23:04:00,278.5,276.1,0.99,False,8.31,401.0,1.0,0.0
2025-11-02 17:48:00,747.4,801.5,1.07,False,10.39,959.6,1.0,0.0
2025-11-02 19:39:00,670.7,920.0,1.37,True,9.87,954.3,1.0,0.1
2025-11-04 07:12:00,316.1,337.4,1.07,False,7.74,568.0,1.0,0.0
2025-11-09 00:26:00,483.9,407.5,0.84,False,9.28,629.8,1.0,0.0
2025-11-09 05:23:00,433.9,360.0,0.83,False,8.0,772.7,1.0,0.0
2025-11-09 11:33:00,682.7,761.7,1.12,True,10.22,882.5,1.0,0.0
2025-11-09 13:04:00,684.8,765.2,1.12,True,10.13,865.7,1.0,0.0
2025-11-12 05:42:00,769.9,795.3,1.03,False,10.51,942.5,1.0,0.0
2025-11-13 00:39:00,612.4,569.4,0.93,False,10.43,674.1,1.0,0.1
2025-11-13 09:29:00,457.7,568.8,1.24,True,8.46,596.5,1.0,0.0
2025-11-13 11:09:00,678.7,1039.8,1.53,True,9.9,791.1,1.0,0.1
2025-11-15 13:21:00,247.8,278.2,1.12,True,6.65,622.7,1.0,0.0
2025-11-19 07:17:00,651.7,640.3,0.98,False,10.13,716.2,1.0,0.1
2025-11-20 05:40:00,184.5,197.4,1.07,False,6.66,367.4,1.0,0.0
2025-11-21 21:07:00,701.4,1112.8,1.59,True,10.4,762.5,1.0,0.0
2025-11-23 16:42:00,1089.6,1098.2,1.01,False,11.91,1263.3,1.0,0.0
2025-11-24 06:03:00,544.9,378.5,0.69,False,9.73,694.4,1.0,0.0
2025-11-24 15:54:00,938.3,1020.8,1.09,False,11.15,1068.3,1.0,0.1
2025-11-24 15:56:00,948.5,1004.4,1.06,False,11.17,1085.0,0.933,0.0
2025-11-24 16:40:00,586.6,631.0,1.08,False,8.99,988.2,0.867,0.0
2025-11-24 23:52:00,256.7,320.8,1.25,True,7.57,350.5,1.0,0.0
2025-11-26 10:29:00,502.1,700.5,1.4,True,9.57,625.6,1.0,0.0
2025-12-01 05:17:00,346.5,308.5,0.89,False,8.18,559.7,1.0,0.0
2025-12-02 05:56:00,609.0,634.3,1.04,False,10.45,713.5,1.0,0.0
2025-12-02 12:22:00,1026.9,1126.2,1.1,False,11.79,1166.3,1.0,0.0
2025-12-04 01:05:00,489.8,375.4,0.77,False,8.88,641.9,1.0,0.0
2025-12-05 11:45:00,989.5,611.4,0.62,False,11.5,1273.3,0.867,0.0
2025-12-05 17:12:00,623.0,570.7,0.92,False,9.28,1031.6,1.0,0.0
2025-12-06 00:31:00,444.1,351.4,0.79,False,8.93,733.9,1.0,0.0
2025-12-07 00:32:00,470.0,345.7,0.74,False,9.72,611.0,1.0,0.0
2025-12-07 10:04:00,445.1,599.9,1.35,True,8.87,650.0,1.0,0.0
2025-12-08 06:30:00,878.5,977.1,1.11,True,10.83,1271.1,1.0,0.0
2025-12-08 14:00:00,1209.3,1317.3,1.09,False,13.28,1239.5,1.0,0.0
2025-12-09 08:14:00,528.7,284.7,0.54,False,9.65,731.8,1.0,0.0
2025-12-09 18:32:00,660.9,1333.2,2.02,True,20.96,167.2,1.0,0.0
2025-12-11 12:53:00,321.3,521.2,1.62,True,7.26,989.1,1.0,0.0
2025-12-12 01:38:00,391.0,498.4,1.27,True,8.62,591.1,1.0,0.0
2025-12-12 13:23:00,563.8,309.6,0.55,False,8.95,1283.5,1.0,0.0
2025-12-14 18:02:00,868.6,988.5,1.14,True,12.99,888.0,1.0,0.0
2025-12-15 06:10:00,401.9,455.1,1.13,True,10.43,520.2,1.0,0.0
2025-12-17 10:54:00,988.8,1314.8,1.33,True,13.3,995.9,1.0,0.1
2025-12-17 11:34:00,1170.4,1123.9,0.96,False,14.33,1169.1,1.0,0.0
2025-12-17 13:29:00,862.1,724.6,0.84,False,10.7,1161.7,1.0,0.0
2025-12-18 08:19:00,412.4,743.7,1.8,True,8.43,706.3,1.0,0.0
2025-12-18 13:44:00,842.7,846.2,1.0,False,10.56,1265.3,1.0,0.0
2025-12-19 08:50:00,1067.5,1329.6,1.25,True,14.67,1069.3,1.0,0.0
2025-12-19 16:27:00,623.5,498.4,0.8,False,9.42,952.7,1.0,0.0
2025-12-19 21:23:00,863.6,693.5,0.8,False,10.61,1159.8,1.0,0.0
2025-12-21 10:12:00,405.6,337.7,0.83,False,8.12,773.7,1.0,0.0
2025-12-24 06:43:00,264.3,335.3,1.27,True,7.42,377.0,1.0,0.0
2025-12-25 08:09:00,238.6,244.0,1.02,False,6.11,701.2,1.0,0.0
2026-01-01 16:53:00,846.4,808.7,0.96,False,11.01,960.3,1.0,0.0
2026-01-02 10:25:00,603.8,507.6,0.84,False,9.44,634.9,1.0,0.0
2026-01-02 11:15:00,555.1,555.7,1.0,False,8.3,775.1,1.0,0.0
2026-01-02 14:32:00,213.1,112.6,0.53,False,8.29,400.1,1.0,0.1
2026-01-03 07:36:00,498.6,274.8,0.55,False,8.26,837.0,1.0,0.0
2026-01-05 05:32:00,187.5,214.2,1.14,True,6.84,266.1,1.0,0.0
2026-01-12 11:17:00,710.8,942.4,1.33,True,10.75,810.7,1.0,0.0
2026-01-14 02:49:00,908.5,1056.2,1.16,True,11.19,1011.4,1.0,0.0
2026-01-14 17:33:00,557.2,764.8,1.37,True,8.85,779.5,1.0,0.0
2026-01-14 19:01:00,536.1,639.4,1.19,True,8.96,820.1,1.0,0.0
2026-01-15 05:11:00,767.3,1138.5,1.48,True,11.23,725.4,1.0,0.0
2026-01-19 03:06:00,343.0,328.6,0.96,False,7.73,580.0,1.0,0.0
2026-01-20 03:49:00,290.8,369.6,1.27,True,8.21,463.3,1.0,0.0
2026-01-20 16:42:00,658.8,861.9,1.31,True,10.39,734.5,1.0,0.0
2026-01-21 03:11:00,462.5,557.8,1.21,True,9.3,628.1,1.0,0.0
2026-01-21 16:50:00,857.8,846.8,0.99,False,10.77,1036.6,1.0,0.0
2026-01-25 13:05:00,423.5,267.4,0.63,False,8.02,689.5,1.0,0.0
2026-01-25 22:10:00,465.1,349.6,0.75,False,8.52,718.6,1.0,0.0
2026-01-28 05:56:00,748.6,405.9,0.54,False,10.01,1129.8,1.0,0.0
2026-01-30 14:17:00,600.4,911.6,1.52,True,9.63,672.3,1.0,0.0
2026-02-02 13:00:00,502.6,728.4,1.45,True,9.26,47.0,1.0,0.0
2026-02-04 20:15:00,231.6,515.7,2.23,True,7.53,346.1,1.0,0.0
2026-02-06 09:56:00,568.0,490.4,0.86,False,9.32,752.2,1.0,0.0
2026-02-06 10:59:00,290.3,292.2,1.01,False,7.16,700.1,1.0,0.0
