fold,held_out,scenario,model,seed,n_test_windows,test_censored_share,wis_mean,wis_median,fit_seconds,utc
loto_alta2,ALTA2_1301253,S1_fixed_50pct,B0_persistence,fixed,18113,0.1190857365727424,0.0582865980066462,0.0330376923084259,0.0,2026-08-04T14:21:19.368359+00:00
loto_alta2,ALTA2_1301253,S1_fixed_50pct,B4,42,18113,0.1190857365727424,0.044105414301157,0.021807674318552,166.9,2026-08-04T14:24:06.936960+00:00
loto_alta2,ALTA2_1301253,S1_fixed_50pct,B4,123,18113,0.1190857365727424,0.0432864688336849,0.0215053185820579,157.2,2026-08-04T14:26:44.644488+00:00
loto_alta2,ALTA2_1301253,S1_fixed_50pct,B6,42,18113,0.1190857365727424,0.0332574024796485,0.0224948246031999,90.0,2026-08-04T14:28:14.915665+00:00
loto_alta2,ALTA2_1301253,S1_fixed_50pct,B6,123,18113,0.1190857365727424,0.0330675840377807,0.022357178851962,78.5,2026-08-04T14:29:33.748876+00:00
loto_alta2,ALTA2_1301253,S4_random_uniform,B0_persistence,fixed,18113,0.0910947918891906,0.0560129488302785,0.0321465283632278,0.0,2026-08-04T14:31:15.105391+00:00
loto_alta2,ALTA2_1301253,S4_random_uniform,B4,42,18113,0.0910947918891906,0.0377720482647419,0.0208880640566349,72.7,2026-08-04T14:32:28.162320+00:00
loto_alta2,ALTA2_1301253,S4_random_uniform,B4,123,18113,0.0910947918891906,0.0379681028425693,0.0207606982439756,72.6,2026-08-04T14:33:41.099086+00:00
loto_alta2,ALTA2_1301253,S4_random_uniform,B6,42,18113,0.0910947918891906,0.0323629826307296,0.022019650787115,77.4,2026-08-04T14:34:58.800638+00:00
loto_alta2,ALTA2_1301253,S4_random_uniform,B6,123,18113,0.0910947918891906,0.0321424752473831,0.0216466207057237,78.1,2026-08-04T14:36:17.220668+00:00
loto_alta2,ALTA2_1301254,S1_fixed_50pct,B0_persistence,fixed,16181,0.0737902447581291,0.0506790755238913,0.0313268601894378,0.0,2026-08-04T14:37:42.895173+00:00
loto_alta2,ALTA2_1301254,S1_fixed_50pct,B4,42,16181,0.0737902447581291,0.0353301726281642,0.0204875171184539,74.4,2026-08-04T14:38:57.645085+00:00
loto_alta2,ALTA2_1301254,S1_fixed_50pct,B4,123,16181,0.0737902447581291,0.0353169627487659,0.020528869703412,78.9,2026-08-04T14:40:16.770276+00:00
loto_alta2,ALTA2_1301254,S1_fixed_50pct,B6,42,16181,0.0737902447581291,0.0303424391895532,0.02148730866611,81.0,2026-08-04T14:41:38.011194+00:00
loto_alta2,ALTA2_1301253,S1_fixed_50pct,B0_persistence,fixed,18113,0.11908573657274246,0.05828659800664623,0.0330376923084259,0.0,2026-08-05T03:28:11.783974+00:00
loto_alta2,ALTA2_1301253,S1_fixed_50pct,B4,42,18113,0.11908573657274246,0.044105414301157,0.021807674318552017,105.2,2026-08-05T03:29:57.392968+00:00
loto_alta2,ALTA2_1301253,S1_fixed_50pct,B4,123,18113,0.11908573657274246,0.04328646883368492,0.021505318582057953,102.4,2026-08-05T03:31:40.189781+00:00
loto_alta2,ALTA2_1301253,S1_fixed_50pct,B6,42,18113,0.11908573657274246,0.03325740247964859,0.02249482460319996,108.7,2026-08-05T03:33:29.242505+00:00
loto_alta2,ALTA2_1301253,S1_fixed_50pct,B6,123,18113,0.11908573657274246,0.03306758403778076,0.02235717885196209,111.4,2026-08-05T03:35:20.989019+00:00
loto_alta2,ALTA2_1301253,S1_fixed_50pct,CLQR,42,18113,0.11908573657274246,0.035354871302843094,0.021538835018873215,60.2,2026-08-05T03:36:21.550997+00:00
loto_alta2,ALTA2_1301253,S1_fixed_50pct,CLQR,123,18113,0.11908573657274246,0.03561224415898323,0.022122710943222046,51.7,2026-08-05T03:37:13.531075+00:00
loto_alta2,ALTA2_1301253,S4_random_uniform,B0_persistence,fixed,18113,0.09109479188919067,0.05601294883027856,0.032146528363227844,0.0,2026-08-05T03:37:15.237490+00:00
loto_alta2,ALTA2_1301253,S4_random_uniform,B4,42,18113,0.09109479188919067,0.0377720482647419,0.020888064056634903,101.5,2026-08-05T03:38:57.070908+00:00
loto_alta2,ALTA2_1301253,S4_random_uniform,B4,123,18113,0.09109479188919067,0.03796810284256935,0.02076069824397564,101.3,2026-08-05T03:40:38.787036+00:00
loto_alta2,ALTA2_1301253,S4_random_uniform,B6,42,18113,0.09109479188919067,0.032362982630729675,0.022019650787115097,113.3,2026-08-05T03:42:32.491911+00:00
loto_alta2,ALTA2_1301253,S4_random_uniform,B6,123,18113,0.09109479188919067,0.03214247524738312,0.021646620705723763,97.4,2026-08-05T03:44:10.127862+00:00
loto_alta2,ALTA2_1301253,S4_random_uniform,CLQR,42,18113,0.09109479188919067,0.033902257680892944,0.021604247391223907,43.6,2026-08-05T03:44:54.024007+00:00
loto_alta2,ALTA2_1301253,S4_random_uniform,CLQR,123,18113,0.09109479188919067,0.03401564061641693,0.021163420751690865,45.9,2026-08-05T03:45:40.239298+00:00
loto_alta2,ALTA2_1301254,S1_fixed_50pct,B0_persistence,fixed,16181,0.07379024475812912,0.05067907552389138,0.031326860189437866,0.0,2026-08-05T03:45:41.645225+00:00
loto_alta2,ALTA2_1301254,S1_fixed_50pct,B4,42,16181,0.07379024475812912,0.03533017262816429,0.02048751711845398,76.3,2026-08-05T03:46:58.218720+00:00
loto_alta2,ALTA2_1301254,S1_fixed_50pct,B4,123,16181,0.07379024475812912,0.035316962748765945,0.020528869703412056,73.3,2026-08-05T03:48:11.785124+00:00
loto_alta2,ALTA2_1301254,S1_fixed_50pct,B6,42,16181,0.07379024475812912,0.03034243918955326,0.02148730866611004,76.5,2026-08-05T03:49:28.573320+00:00
loto_alta2,ALTA2_1301254,S1_fixed_50pct,B6,123,16181,0.07379024475812912,0.030259011313319206,0.020911207422614098,78.4,2026-08-05T03:50:47.272184+00:00
loto_alta2,ALTA2_1301254,S1_fixed_50pct,CLQR,42,16181,0.07379024475812912,0.03142090514302254,0.019731508567929268,51.2,2026-08-05T03:51:38.697148+00:00
loto_alta2,ALTA2_1301254,S1_fixed_50pct,CLQR,123,16181,0.07379024475812912,0.03150635212659836,0.019956614822149277,43.2,2026-08-05T03:52:22.116040+00:00
loto_alta2,ALTA2_1301254,S4_random_uniform,B0_persistence,fixed,16181,0.06000865250825882,0.05051426403051799,0.030954554677009583,0.0,2026-08-05T03:52:23.505041+00:00
loto_alta2,ALTA2_1301254,S4_random_uniform,B4,42,16181,0.06000865250825882,0.03315087780356407,0.02017209120094776,76.3,2026-08-05T03:53:40.041036+00:00
loto_alta2,ALTA2_1301254,S4_random_uniform,B4,123,16181,0.06000865250825882,0.03310655429959297,0.01990635134279728,75.1,2026-08-05T03:54:55.385625+00:00
loto_alta2,ALTA2_1301254,S4_random_uniform,B6,42,16181,0.06000865250825882,0.03026667609810829,0.0208897665143013,80.3,2026-08-05T03:56:15.928647+00:00
loto_alta2,ALTA2_1301254,S4_random_uniform,B6,123,16181,0.06000865250825882,0.030139189213514328,0.02074418216943741,83.1,2026-08-05T03:57:39.334649+00:00
loto_alta2,ALTA2_1301254,S4_random_uniform,CLQR,42,16181,0.06000865250825882,0.03132699057459831,0.020391833037137985,39.4,2026-08-05T03:58:18.982149+00:00
loto_alta2,ALTA2_1301254,S4_random_uniform,CLQR,123,16181,0.06000865250825882,0.0313924103975296,0.020161956548690796,46.2,2026-08-05T03:59:05.429331+00:00
loto_alta2,ALTA2_1301255,S1_fixed_50pct,B0_persistence,fixed,15533,0.0741003006696701,0.052121703600684716,0.03267678618431091,0.0,2026-08-05T03:59:06.849870+00:00
loto_alta2,ALTA2_1301255,S1_fixed_50pct,B4,42,15533,0.0741003006696701,0.036306459456682205,0.0207196194678545,77.4,2026-08-05T04:00:24.574383+00:00
loto_alta2,ALTA2_1301255,S1_fixed_50pct,B4,123,15533,0.0741003006696701,0.035935889929533005,0.02057250216603279,76.3,2026-08-05T04:01:41.178460+00:00
loto_alta2,ALTA2_1301255,S1_fixed_50pct,B6,42,15533,0.0741003006696701,0.0307308379560709,0.021175112575292587,83.4,2026-08-05T04:03:04.835456+00:00
loto_alta2,ALTA2_1301255,S1_fixed_50pct,B6,123,15533,0.0741003006696701,0.030763573944568634,0.0209132619202137,83.5,2026-08-05T04:04:28.595469+00:00
loto_alta2,ALTA2_1301255,S1_fixed_50pct,CLQR,42,15533,0.0741003006696701,0.032040730118751526,0.020752765238285065,53.3,2026-08-05T04:05:22.123454+00:00
loto_alta2,ALTA2_1301255,S1_fixed_50pct,CLQR,123,15533,0.0741003006696701,0.03225378319621086,0.020023813471198082,53.1,2026-08-05T04:06:15.492632+00:00
loto_alta2,ALTA2_1301255,S4_random_uniform,B0_persistence,fixed,15533,0.06096697226166725,0.05207911196266055,0.03271162509918213,0.0,2026-08-05T04:06:16.928953+00:00
loto_alta2,ALTA2_1301255,S4_random_uniform,B4,42,15533,0.06096697226166725,0.03435353934764862,0.020567402243614197,78.1,2026-08-05T04:07:35.279983+00:00
loto_alta2,ALTA2_1301255,S4_random_uniform,B4,123,15533,0.06096697226166725,0.033944014459848404,0.020343761891126633,76.8,2026-08-05T04:08:52.380874+00:00
loto_alta2,ALTA2_1301255,S4_random_uniform,B6,42,15533,0.06096697226166725,0.03058629110455513,0.02102615498006344,85.0,2026-08-05T04:10:17.625789+00:00
loto_alta2,ALTA2_1301255,S4_random_uniform,B6,123,15533,0.06096697226166725,0.030610963702201843,0.020967654883861542,90.0,2026-08-05T04:11:47.953293+00:00
loto_alta2,ALTA2_1301255,S4_random_uniform,CLQR,42,15533,0.06096697226166725,0.031824029982089996,0.0205999743193388,83.2,2026-08-05T04:13:11.426379+00:00
loto_alta2,ALTA2_1301255,S4_random_uniform,CLQR,123,15533,0.06096697226166725,0.03125828877091408,0.02060016617178917,95.6,2026-08-05T04:14:47.314581+00:00
loto_alta2,ALTA2_1301256,S1_fixed_50pct,B0_persistence,fixed,17313,0.09663258492946625,0.05634715846523299,0.032684579491615295,0.0,2026-08-05T04:14:49.007116+00:00
loto_alta2,ALTA2_1301256,S1_fixed_50pct,B4,42,17313,0.09663258492946625,0.04128299281001091,0.021585678681731224,110.2,2026-08-05T04:16:39.645422+00:00
loto_alta2,ALTA2_1301256,S1_fixed_50pct,B4,123,17313,0.09663258492946625,0.041375041007995605,0.021916352212429047,110.5,2026-08-05T04:18:30.504007+00:00
loto_alta2,ALTA2_1301256,S1_fixed_50pct,B6,42,17313,0.09663258492946625,0.03340480476617813,0.02267725206911564,120.2,2026-08-05T04:20:31.059659+00:00
loto_alta2,ALTA2_1301256,S1_fixed_50pct,B6,123,17313,0.09663258492946625,0.0332268662750721,0.02244112826883793,123.1,2026-08-05T04:22:34.535167+00:00
loto_alta2,ALTA2_1301256,S1_fixed_50pct,CLQR,42,17313,0.09663258492946625,0.03536801040172577,0.02162025310099125,58.3,2026-08-05T04:23:33.187216+00:00
loto_alta2,ALTA2_1301256,S1_fixed_50pct,CLQR,123,17313,0.09663258492946625,0.035563040524721146,0.0215967558324337,55.6,2026-08-05T04:24:29.160892+00:00
loto_alta2,ALTA2_1301256,S4_random_uniform,B0_persistence,fixed,17313,0.07277768105268478,0.0557690659362653,0.03223729133605957,0.0,2026-08-05T04:24:30.840548+00:00
loto_alta2,ALTA2_1301256,S4_random_uniform,B4,42,17313,0.07277768105268478,0.03775417059659958,0.021467702463269234,111.0,2026-08-05T04:26:22.213291+00:00
loto_alta2,ALTA2_1301256,S4_random_uniform,B4,123,17313,0.07277768105268478,0.037715137004852295,0.02143484354019165,112.8,2026-08-05T04:28:15.429680+00:00
loto_alta2,ALTA2_1301256,S4_random_uniform,B6,42,17313,0.07277768105268478,0.032980844378471375,0.02222444862127304,114.7,2026-08-05T04:30:10.513924+00:00
loto_alta2,ALTA2_1301256,S4_random_uniform,B6,123,17313,0.07277768105268478,0.03279755264520645,0.021982897073030472,92.9,2026-08-05T04:31:43.699627+00:00
loto_alta2,ALTA2_1301256,S4_random_uniform,CLQR,42,17313,0.07277768105268478,0.034094229340553284,0.02133774198591709,65.5,2026-08-05T04:32:49.458143+00:00
loto_alta2,ALTA2_1301256,S4_random_uniform,CLQR,123,17313,0.07277768105268478,0.03483714535832405,0.02154981531202793,39.0,2026-08-05T04:33:28.707845+00:00
loto_alta2,ALTA2_1301257,S1_fixed_50pct,B0_persistence,fixed,17437,0.15816940367221832,0.07511841931556106,0.04270362854003906,0.0,2026-08-05T04:33:30.144728+00:00
loto_alta2,ALTA2_1301257,S1_fixed_50pct,B4,42,17437,0.15816940367221832,0.059926364570856094,0.026015667244791985,76.8,2026-08-05T04:34:47.233609+00:00
loto_alta2,ALTA2_1301257,S1_fixed_50pct,B4,123,17437,0.15816940367221832,0.059536080807447433,0.02586575411260128,75.8,2026-08-05T04:36:03.360268+00:00
loto_alta2,ALTA2_1301257,S1_fixed_50pct,B6,42,17437,0.15816940367221832,0.04255266860127449,0.026227597147226334,81.3,2026-08-05T04:37:24.944442+00:00
loto_alta2,ALTA2_1301257,S1_fixed_50pct,B6,123,17437,0.15816940367221832,0.0420009009540081,0.026259902864694595,82.6,2026-08-05T04:38:47.861069+00:00
loto_alta2,ALTA2_1301257,S1_fixed_50pct,CLQR,42,17437,0.15816940367221832,0.04728911072015762,0.024915218353271484,52.6,2026-08-05T04:39:40.739305+00:00
loto_alta2,ALTA2_1301257,S1_fixed_50pct,CLQR,123,17437,0.15816940367221832,0.046835508197546005,0.024901768192648888,56.2,2026-08-05T04:40:37.245965+00:00
loto_alta2,ALTA2_1301257,S4_random_uniform,B0_persistence,fixed,17437,0.11928657442331314,0.0708419394758362,0.04168595373630524,0.0,2026-08-05T04:40:38.659064+00:00
loto_alta2,ALTA2_1301257,S4_random_uniform,B4,42,17437,0.11928657442331314,0.04997435584664345,0.02503782883286476,80.2,2026-08-05T04:41:59.116578+00:00
loto_alta2,ALTA2_1301257,S4_random_uniform,B4,123,17437,0.11928657442331314,0.05026329308748245,0.024862736463546753,80.9,2026-08-05T04:43:20.328066+00:00
loto_alta2,ALTA2_1301257,S4_random_uniform,B6,42,17437,0.11928657442331314,0.04069110378623009,0.0261826254427433,78.1,2026-08-05T04:44:38.683036+00:00
loto_alta2,ALTA2_1301257,S4_random_uniform,B6,123,17437,0.11928657442331314,0.03997703269124031,0.02576233446598053,84.5,2026-08-05T04:46:03.459358+00:00
loto_alta2,ALTA2_1301257,S4_random_uniform,CLQR,42,17437,0.11928657442331314,0.041661910712718964,0.025429099798202515,50.9,2026-08-05T04:46:54.593165+00:00
loto_alta2,ALTA2_1301257,S4_random_uniform,CLQR,123,17437,0.11928657442331314,0.042888443917036057,0.025612307712435722,46.9,2026-08-05T04:47:41.790841+00:00
loto_hot,HOT_T01,S1_fixed_50pct,B0_persistence,fixed,12046,0.2920471429824829,0.16917896883819816,0.10750723630189896,0.0,2026-08-05T04:47:44.315002+00:00
loto_hot,HOT_T01,S1_fixed_50pct,B4,42,12046,0.2920471429824829,0.1351008266210556,0.060194846242666245,73.3,2026-08-05T04:48:57.819291+00:00
loto_hot,HOT_T01,S1_fixed_50pct,B4,123,12046,0.2920471429824829,0.13473007082939148,0.060832519084215164,90.2,2026-08-05T04:50:28.246157+00:00
loto_hot,HOT_T01,S1_fixed_50pct,B6,42,12046,0.2920471429824829,0.0674276053905487,0.053513288497924805,73.9,2026-08-05T04:51:42.342607+00:00
loto_hot,HOT_T01,S1_fixed_50pct,B6,123,12046,0.2920471429824829,0.06738357245922089,0.052849844098091125,86.1,2026-08-05T04:53:08.610010+00:00
loto_hot,HOT_T01,S1_fixed_50pct,CLQR,42,12046,0.2920471429824829,0.08244555443525314,0.05091171711683273,71.5,2026-08-05T04:54:20.344508+00:00
loto_hot,HOT_T01,S1_fixed_50pct,CLQR,123,12046,0.2920471429824829,0.08140233159065247,0.05047159269452095,44.7,2026-08-05T04:55:05.210885+00:00
loto_hot,HOT_T01,S4_random_uniform,B0_persistence,fixed,12046,0.25062260031700134,0.155537151197312,0.10433132946491241,0.0,2026-08-05T04:55:07.067871+00:00
loto_hot,HOT_T01,S4_random_uniform,B4,42,12046,0.25062260031700134,0.11051499098539352,0.058291465044021606,92.5,2026-08-05T04:56:39.716856+00:00
loto_hot,HOT_T01,S4_random_uniform,B4,123,12046,0.25062260031700134,0.10792171210050583,0.058077309280633926,92.2,2026-08-05T04:58:12.139767+00:00
loto_hot,HOT_T01,S4_random_uniform,B6,42,12046,0.25062260031700134,0.067406065762043,0.05266587436199188,80.6,2026-08-05T04:59:32.897589+00:00
loto_hot,HOT_T01,S4_random_uniform,B6,123,12046,0.25062260031700134,0.06793031841516495,0.05281561613082886,33.4,2026-08-05T05:00:06.486011+00:00
loto_hot,HOT_T01,S4_random_uniform,CLQR,42,12046,0.25062260031700134,0.07667610794305801,0.050161682069301605,32.0,2026-08-05T05:00:38.611281+00:00
loto_hot,HOT_T01,S4_random_uniform,CLQR,123,12046,0.25062260031700134,0.07716123759746552,0.05111562833189964,30.9,2026-08-05T05:01:09.591506+00:00
loto_hot,HOT_T02,S1_fixed_50pct,B0_persistence,fixed,10861,0.2607494592666626,0.158042023911758,0.10173913091421127,0.0,2026-08-05T05:01:11.186031+00:00
loto_hot,HOT_T02,S1_fixed_50pct,B4,42,10861,0.2607494592666626,0.12002518028020859,0.057419486343860626,80.5,2026-08-05T05:02:31.837485+00:00
loto_hot,HOT_T02,S1_fixed_50pct,B4,123,10861,0.2607494592666626,0.11887238919734955,0.05676810443401337,92.2,2026-08-05T05:04:04.206596+00:00
loto_hot,HOT_T02,S1_fixed_50pct,B6,42,10861,0.2607494592666626,0.06953257322311401,0.050937194377183914,74.1,2026-08-05T05:05:18.476737+00:00
loto_hot,HOT_T02,S1_fixed_50pct,B6,123,10861,0.2607494592666626,0.0702747330069542,0.05160386115312576,80.2,2026-08-05T05:06:38.804131+00:00
loto_hot,HOT_T02,S1_fixed_50pct,CLQR,42,10861,0.2607494592666626,0.07716450095176697,0.04842209443449974,37.6,2026-08-05T05:07:16.525129+00:00
loto_hot,HOT_T02,S1_fixed_50pct,CLQR,123,10861,0.2607494592666626,0.07680380344390869,0.04775511473417282,49.6,2026-08-05T05:08:06.206259+00:00
loto_hot,HOT_T02,S4_random_uniform,B0_persistence,fixed,10861,0.21517355740070343,0.14781467765555967,0.09884059429168701,0.0,2026-08-05T05:08:07.967334+00:00
loto_hot,HOT_T02,S4_random_uniform,B4,42,10861,0.21517355740070343,0.10011880844831467,0.05603059008717537,68.1,2026-08-05T05:09:16.212748+00:00
loto_hot,HOT_T02,S4_random_uniform,B4,123,10861,0.21517355740070343,0.09936743974685669,0.054838165640830994,78.9,2026-08-05T05:10:35.266051+00:00
loto_hot,HOT_T02,S4_random_uniform,B6,42,10861,0.21517355740070343,0.0696386992931366,0.051790669560432434,65.4,2026-08-05T05:11:40.844723+00:00
loto_hot,HOT_T02,S4_random_uniform,B6,123,10861,0.21517355740070343,0.06991757452487946,0.05150725319981575,70.6,2026-08-05T05:12:51.546728+00:00
loto_hot,HOT_T02,S4_random_uniform,CLQR,42,10861,0.21517355740070343,0.0739087462425232,0.048405904322862625,34.5,2026-08-05T05:13:26.175728+00:00
loto_hot,HOT_T02,S4_random_uniform,CLQR,123,10861,0.21517355740070343,0.07343526929616928,0.047610457986593246,40.5,2026-08-05T05:14:06.825594+00:00
loto_hot,HOT_T03,S1_fixed_50pct,B0_persistence,fixed,12417,0.29781749844551086,0.16847894619917816,0.10734784603118896,0.0,2026-08-05T05:14:08.911934+00:00
loto_hot,HOT_T03,S1_fixed_50pct,B4,42,12417,0.29781749844551086,0.1318126618862152,0.05924959480762482,76.8,2026-08-05T05:15:25.953591+00:00
loto_hot,HOT_T03,S1_fixed_50pct,B4,123,12417,0.29781749844551086,0.13162273168563843,0.059420306235551834,65.0,2026-08-05T05:16:31.132760+00:00
loto_hot,HOT_T03,S1_fixed_50pct,B6,42,12417,0.29781749844551086,0.06605292111635208,0.048894528299570084,67.2,2026-08-05T05:17:38.461227+00:00
loto_hot,HOT_T03,S1_fixed_50pct,B6,123,12417,0.29781749844551086,0.06597022712230682,0.05045733228325844,65.3,2026-08-05T05:18:43.887000+00:00
loto_hot,HOT_T03,S1_fixed_50pct,CLQR,42,12417,0.29781749844551086,0.07490827888250351,0.04608197510242462,43.2,2026-08-05T05:19:27.212763+00:00
loto_hot,HOT_T03,S1_fixed_50pct,CLQR,123,12417,0.29781749844551086,0.0761319100856781,0.04608369618654251,62.0,2026-08-05T05:20:29.403750+00:00
loto_hot,HOT_T03,S4_random_uniform,B0_persistence,fixed,12417,0.2537649869918823,0.15386777265472737,0.10245665907859802,0.0,2026-08-05T05:20:31.230823+00:00
loto_hot,HOT_T03,S4_random_uniform,B4,42,12417,0.2537649869918823,0.10942352563142776,0.05596860125660896,76.1,2026-08-05T05:21:47.483933+00:00
loto_hot,HOT_T03,S4_random_uniform,B4,123,12417,0.2537649869918823,0.11069109290838242,0.05655153468251228,76.6,2026-08-05T05:23:04.245181+00:00
loto_hot,HOT_T03,S4_random_uniform,B6,42,12417,0.2537649869918823,0.06573709845542908,0.049328502267599106,82.3,2026-08-05T05:24:26.687046+00:00
loto_hot,HOT_T03,S4_random_uniform,B6,123,12417,0.2537649869918823,0.06594851613044739,0.04974637180566788,69.5,2026-08-05T05:25:36.359390+00:00
loto_hot,HOT_T03,S4_random_uniform,CLQR,42,12417,0.2537649869918823,0.07102138549089432,0.04793015494942665,37.6,2026-08-05T05:26:14.089900+00:00
loto_hot,HOT_T03,S4_random_uniform,CLQR,123,12417,0.2537649869918823,0.07148944586515427,0.04676617309451103,49.6,2026-08-05T05:27:03.876574+00:00
loto_hot,HOT_T04,S1_fixed_50pct,B0_persistence,fixed,12397,0.29507139325141907,0.17096794440391574,0.10894927382469177,0.0,2026-08-05T05:27:05.844234+00:00
loto_hot,HOT_T04,S1_fixed_50pct,B4,42,12397,0.29507139325141907,0.13982048630714417,0.061822064220905304,82.7,2026-08-05T05:28:28.723524+00:00
loto_hot,HOT_T04,S1_fixed_50pct,B4,123,12397,0.29507139325141907,0.13405409455299377,0.06129710376262665,91.4,2026-08-05T05:30:00.287307+00:00
loto_hot,HOT_T04,S1_fixed_50pct,B6,42,12397,0.29507139325141907,0.06904108822345734,0.05379468947649002,87.8,2026-08-05T05:31:28.300866+00:00
loto_hot,HOT_T04,S1_fixed_50pct,B6,123,12397,0.29507139325141907,0.06889129430055618,0.05313607305288315,95.3,2026-08-05T05:33:03.855899+00:00
loto_hot,HOT_T04,S1_fixed_50pct,CLQR,42,12397,0.29507139325141907,0.08216279000043869,0.05082185938954353,56.1,2026-08-05T05:34:00.124806+00:00
loto_hot,HOT_T04,S1_fixed_50pct,CLQR,123,12397,0.29507139325141907,0.08370598405599594,0.050812024623155594,73.3,2026-08-05T05:35:13.598807+00:00
loto_hot,HOT_T04,S4_random_uniform,B0_persistence,fixed,12397,0.2520771026611328,0.15906642535499307,0.10450643301010132,0.0,2026-08-05T05:35:15.575052+00:00
loto_hot,HOT_T04,S4_random_uniform,B4,42,12397,0.2520771026611328,0.1153683289885521,0.06021417677402496,95.2,2026-08-05T05:36:51.028560+00:00
loto_hot,HOT_T04,S4_random_uniform,B4,123,12397,0.2520771026611328,0.11373802274465561,0.06025925651192665,98.4,2026-08-05T05:38:29.581878+00:00
loto_hot,HOT_T04,S4_random_uniform,B6,42,12397,0.2520771026611328,0.06898477673530579,0.05354106053709984,66.5,2026-08-05T05:39:36.298895+00:00
loto_hot,HOT_T04,S4_random_uniform,B6,123,12397,0.2520771026611328,0.06894544512033463,0.053150568157434464,95.3,2026-08-05T05:41:11.784456+00:00
loto_hot,HOT_T04,S4_random_uniform,CLQR,42,12397,0.2520771026611328,0.0782531350851059,0.052190110087394714,54.4,2026-08-05T05:42:06.302639+00:00
loto_hot,HOT_T04,S4_random_uniform,CLQR,123,12397,0.2520771026611328,0.07694557309150696,0.05036763474345207,59.9,2026-08-05T05:43:06.354859+00:00
loto_hot,HOT_T05,S1_fixed_50pct,B0_persistence,fixed,11610,0.2665805220603943,0.16148876864928352,0.10571014881134033,0.0,2026-08-05T05:43:08.401430+00:00
loto_hot,HOT_T05,S1_fixed_50pct,B4,42,11610,0.2665805220603943,0.12351636588573456,0.05854065716266632,92.5,2026-08-05T05:44:41.096569+00:00
loto_hot,HOT_T05,S1_fixed_50pct,B4,123,11610,0.2665805220603943,0.12416563183069229,0.05877254158258438,92.0,2026-08-05T05:46:13.248434+00:00
loto_hot,HOT_T05,S1_fixed_50pct,B6,42,11610,0.2665805220603943,0.07071476429700851,0.05385063961148262,95.2,2026-08-05T05:47:48.672494+00:00
loto_hot,HOT_T05,S1_fixed_50pct,B6,123,11610,0.2665805220603943,0.0708470419049263,0.053548309952020645,79.1,2026-08-05T05:49:07.939642+00:00
loto_hot,HOT_T05,S1_fixed_50pct,CLQR,42,11610,0.2665805220603943,0.08225610852241516,0.05007532238960266,38.8,2026-08-05T05:49:46.850451+00:00
loto_hot,HOT_T05,S1_fixed_50pct,CLQR,123,11610,0.2665805220603943,0.08412657678127289,0.0498209223151207,65.1,2026-08-05T05:50:52.099105+00:00
loto_hot,HOT_T05,S4_random_uniform,B0_persistence,fixed,11610,0.22058570384979248,0.15085294013690528,0.10205231606960297,0.0,2026-08-05T05:50:53.977073+00:00
loto_hot,HOT_T05,S4_random_uniform,B4,42,11610,0.22058570384979248,0.10359988361597061,0.05751488357782364,91.1,2026-08-05T05:52:25.231920+00:00
loto_hot,HOT_T05,S4_random_uniform,B4,123,11610,0.22058570384979248,0.10476844012737274,0.05672987550497055,90.9,2026-08-05T05:53:56.281213+00:00
loto_hot,HOT_T05,S4_random_uniform,B6,42,11610,0.22058570384979248,0.07068364322185516,0.05399516969919205,96.0,2026-08-05T05:55:32.459251+00:00
loto_hot,HOT_T05,S4_random_uniform,B6,123,11610,0.22058570384979248,0.07091334462165833,0.05352133512496948,85.3,2026-08-05T05:56:57.888908+00:00
loto_hot,HOT_T05,S4_random_uniform,CLQR,42,11610,0.22058570384979248,0.07741880416870117,0.050077151507139206,51.4,2026-08-05T05:57:49.447005+00:00
loto_hot,HOT_T05,S4_random_uniform,CLQR,123,11610,0.22058570384979248,0.0788097009062767,0.050413794815540314,48.5,2026-08-05T05:58:38.140866+00:00
loto_hot,HOT_T07,S1_fixed_50pct,B0_persistence,fixed,12644,0.3199145793914795,0.17954336441505309,0.11375001072883606,0.0,2026-08-05T05:58:40.545278+00:00
loto_hot,HOT_T07,S1_fixed_50pct,B4,42,12644,0.3199145793914795,0.14292950928211212,0.06258857995271683,93.3,2026-08-05T06:00:14.020858+00:00
loto_hot,HOT_T07,S1_fixed_50pct,B4,123,12644,0.3199145793914795,0.1462133377790451,0.06246337667107582,89.6,2026-08-05T06:01:43.798422+00:00
loto_hot,HOT_T07,S1_fixed_50pct,B6,42,12644,0.3199145793914795,0.06541326642036438,0.05104106664657593,100.6,2026-08-05T06:03:24.584763+00:00
loto_hot,HOT_T07,S1_fixed_50pct,B6,123,12644,0.3199145793914795,0.06534435600042343,0.05152052640914917,103.0,2026-08-05T06:05:07.855879+00:00
loto_hot,HOT_T07,S1_fixed_50pct,CLQR,42,12644,0.3199145793914795,0.08055577427148819,0.049772754311561584,88.1,2026-08-05T06:06:36.100363+00:00
loto_hot,HOT_T07,S1_fixed_50pct,CLQR,123,12644,0.3199145793914795,0.08250797539949417,0.05095069482922554,75.2,2026-08-05T06:07:51.479257+00:00
loto_hot,HOT_T07,S4_random_uniform,B0_persistence,fixed,12644,0.28218919038772583,0.15891673587756427,0.1071050688624382,0.0,2026-08-05T06:07:53.919987+00:00
loto_hot,HOT_T07,S4_random_uniform,B4,42,12644,0.28218919038772583,0.12054821103811264,0.05937279015779495,88.1,2026-08-05T06:09:22.231403+00:00
loto_hot,HOT_T07,S4_random_uniform,B4,123,12644,0.28218919038772583,0.11593835800886154,0.05968880653381348,93.1,2026-08-05T06:10:55.557540+00:00
loto_hot,HOT_T07,S4_random_uniform,B6,42,12644,0.28218919038772583,0.06523638963699341,0.050968606024980545,84.6,2026-08-05T06:12:20.325303+00:00
loto_hot,HOT_T07,S4_random_uniform,B6,123,12644,0.28218919038772583,0.06546413153409958,0.051113929599523544,67.8,2026-08-05T06:13:28.368232+00:00
loto_hot,HOT_T07,S4_random_uniform,CLQR,42,12644,0.28218919038772583,0.0745185986161232,0.05022616684436798,55.5,2026-08-05T06:14:24.103332+00:00
loto_hot,HOT_T07,S4_random_uniform,CLQR,123,12644,0.28218919038772583,0.07518584281206131,0.04907938838005066,47.5,2026-08-05T06:15:11.853468+00:00
loto_hot,HOT_T13,S1_fixed_50pct,B0_persistence,fixed,12802,0.3561943471431732,0.18755416451521081,0.12099277973175049,0.0,2026-08-05T06:15:14.235121+00:00
loto_hot,HOT_T13,S1_fixed_50pct,B4,42,12802,0.3561943471431732,0.1492401361465454,0.06618760526180267,89.3,2026-08-05T06:16:43.741915+00:00
loto_hot,HOT_T13,S1_fixed_50pct,B4,123,12802,0.3561943471431732,0.15248291194438934,0.06629227101802826,78.5,2026-08-05T06:18:02.390228+00:00
loto_hot,HOT_T13,S1_fixed_50pct,B6,42,12802,0.3561943471431732,0.06274924427270889,0.04876650497317314,100.8,2026-08-05T06:19:43.348897+00:00
loto_hot,HOT_T13,S1_fixed_50pct,B6,123,12802,0.3561943471431732,0.06329137086868286,0.04985547810792923,69.0,2026-08-05T06:20:52.567400+00:00
loto_hot,HOT_T13,S1_fixed_50pct,CLQR,42,12802,0.3561943471431732,0.07615190744400024,0.04867357760667801,58.0,2026-08-05T06:21:50.738717+00:00
loto_hot,HOT_T13,S1_fixed_50pct,CLQR,123,12802,0.3561943471431732,0.07623114436864853,0.04754718765616417,66.6,2026-08-05T06:22:57.544915+00:00
loto_hot,HOT_T13,S4_random_uniform,B0_persistence,fixed,12802,0.308701753616333,0.16657959695333938,0.11066527664661407,0.0,2026-08-05T06:22:59.930958+00:00
loto_hot,HOT_T13,S4_random_uniform,B4,42,12802,0.308701753616333,0.12404147535562515,0.060997188091278076,91.1,2026-08-05T06:24:31.249093+00:00
loto_hot,HOT_T13,S4_random_uniform,B4,123,12802,0.308701753616333,0.12311437726020813,0.0609915517270565,89.2,2026-08-05T06:26:00.629408+00:00
loto_hot,HOT_T13,S4_random_uniform,B6,42,12802,0.308701753616333,0.06317485123872757,0.049663059413433075,72.2,2026-08-05T06:27:13.067876+00:00
loto_hot,HOT_T13,S4_random_uniform,B6,123,12802,0.308701753616333,0.06306614726781845,0.04848390445113182,99.4,2026-08-05T06:28:52.711755+00:00
loto_hot,HOT_T13,S4_random_uniform,CLQR,42,12802,0.308701753616333,0.07231462746858597,0.04809093475341797,58.6,2026-08-05T06:29:51.543065+00:00
loto_hot,HOT_T13,S4_random_uniform,CLQR,123,12802,0.308701753616333,0.07214778661727905,0.04777972027659416,56.3,2026-08-05T06:30:48.064255+00:00
loto_hot,HOT_T14,S1_fixed_50pct,B0_persistence,fixed,11905,0.32658547163009644,0.1798819629681218,0.11169566214084625,0.0,2026-08-05T06:30:50.373906+00:00
loto_hot,HOT_T14,S1_fixed_50pct,B4,42,11905,0.32658547163009644,0.1520964801311493,0.0642109364271164,85.0,2026-08-05T06:32:15.541483+00:00
loto_hot,HOT_T14,S1_fixed_50pct,B4,123,11905,0.32658547163009644,0.14697419106960297,0.06364413350820541,85.7,2026-08-05T06:33:41.460685+00:00
loto_hot,HOT_T14,S1_fixed_50pct,B6,42,11905,0.32658547163009644,0.06571146845817566,0.05201613903045654,88.0,2026-08-05T06:35:09.693788+00:00
loto_hot,HOT_T14,S1_fixed_50pct,B6,123,11905,0.32658547163009644,0.06582074612379074,0.05154106020927429,98.2,2026-08-05T06:36:48.089559+00:00
loto_hot,HOT_T14,S1_fixed_50pct,CLQR,42,11905,0.32658547163009644,0.08094210922718048,0.05102138966321945,64.6,2026-08-05T06:37:52.795662+00:00
loto_hot,HOT_T14,S1_fixed_50pct,CLQR,123,11905,0.32658547163009644,0.08329756557941437,0.051061827689409256,61.2,2026-08-05T06:38:54.145180+00:00
loto_hot,HOT_T14,S4_random_uniform,B0_persistence,fixed,11905,0.28341034054756165,0.1628857431801076,0.10577541589736938,0.0,2026-08-05T06:38:56.750891+00:00
loto_hot,HOT_T14,S4_random_uniform,B4,42,11905,0.28341034054756165,0.12137734889984131,0.06057406961917877,93.7,2026-08-05T06:40:30.651495+00:00
loto_hot,HOT_T14,S4_random_uniform,B4,123,11905,0.28341034054756165,0.11886756867170334,0.06073429808020592,90.9,2026-08-05T06:42:01.757115+00:00
loto_hot,HOT_T14,S4_random_uniform,B6,42,11905,0.28341034054756165,0.0656096562743187,0.051463767886161804,60.9,2026-08-05T06:43:02.893567+00:00
loto_hot,HOT_T14,S4_random_uniform,B6,123,11905,0.28341034054756165,0.06564654409885406,0.0510740764439106,81.4,2026-08-05T06:44:24.435421+00:00
loto_hot,HOT_T14,S4_random_uniform,CLQR,42,11905,0.28341034054756165,0.07554002851247787,0.05057676136493683,43.7,2026-08-05T06:45:08.310299+00:00
loto_hot,HOT_T14,S4_random_uniform,CLQR,123,11905,0.28341034054756165,0.07736615836620331,0.050948578864336014,50.8,2026-08-05T06:45:59.236447+00:00
lofo_alta2_to_hot,HOT_T01,S1_fixed_50pct,B0_persistence,fixed,12046,0.2920471429824829,0.16917896883819816,0.10750723630189896,0.0,2026-08-05T06:46:00.714270+00:00
lofo_alta2_to_hot,HOT_T01,S1_fixed_50pct,B4,42,12046,0.2920471429824829,0.14329776167869568,0.06142149865627289,91.1,2026-08-05T06:47:32.108402+00:00
lofo_alta2_to_hot,HOT_T01,S1_fixed_50pct,B4,123,12046,0.2920471429824829,0.14201045036315918,0.06536717712879181,88.0,2026-08-05T06:49:00.314750+00:00
lofo_alta2_to_hot,HOT_T01,S1_fixed_50pct,B6,42,12046,0.2920471429824829,0.09855485707521439,0.05238362401723862,90.0,2026-08-05T06:50:30.498684+00:00
lofo_alta2_to_hot,HOT_T01,S1_fixed_50pct,B6,123,12046,0.2920471429824829,0.09821514040231705,0.05334581062197685,94.7,2026-08-05T06:52:05.413621+00:00
lofo_alta2_to_hot,HOT_T01,S1_fixed_50pct,CLQR,42,12046,0.2920471429824829,0.11112558096647263,0.05386951565742493,46.1,2026-08-05T06:52:51.722190+00:00
lofo_alta2_to_hot,HOT_T01,S1_fixed_50pct,CLQR,123,12046,0.2920471429824829,0.1147066131234169,0.054078418761491776,53.8,2026-08-05T06:53:45.692295+00:00
lofo_alta2_to_hot,HOT_T02,S1_fixed_50pct,B0_persistence,fixed,10861,0.2607494592666626,0.158042023911758,0.10173913091421127,0.0,2026-08-05T06:53:45.993066+00:00
lofo_alta2_to_hot,HOT_T02,S1_fixed_50pct,B4,42,10861,0.2607494592666626,0.13129718601703644,0.057845406234264374,90.0,2026-08-05T06:55:16.145037+00:00
lofo_alta2_to_hot,HOT_T02,S1_fixed_50pct,B4,123,10861,0.2607494592666626,0.12992505729198456,0.06091786175966263,90.2,2026-08-05T06:56:46.470825+00:00
lofo_alta2_to_hot,HOT_T02,S1_fixed_50pct,B6,42,10861,0.2607494592666626,0.09513682872056961,0.05057969689369202,93.8,2026-08-05T06:58:20.440793+00:00
lofo_alta2_to_hot,HOT_T02,S1_fixed_50pct,B6,123,10861,0.2607494592666626,0.09500773996114731,0.05027777701616287,95.5,2026-08-05T06:59:56.131707+00:00
lofo_alta2_to_hot,HOT_T02,S1_fixed_50pct,CLQR,42,10861,0.2607494592666626,0.10443491488695145,0.05054358020424843,45.9,2026-08-05T07:00:42.206127+00:00
lofo_alta2_to_hot,HOT_T02,S1_fixed_50pct,CLQR,123,10861,0.2607494592666626,0.10751963406801224,0.051071397960186005,54.3,2026-08-05T07:01:36.625944+00:00
lofo_alta2_to_hot,HOT_T03,S1_fixed_50pct,B0_persistence,fixed,12417,0.29781749844551086,0.16847894619917816,0.10734784603118896,0.0,2026-08-05T07:01:37.018952+00:00
lofo_alta2_to_hot,HOT_T03,S1_fixed_50pct,B4,42,12417,0.29781749844551086,0.14478103816509247,0.059538647532463074,95.3,2026-08-05T07:03:12.475367+00:00
lofo_alta2_to_hot,HOT_T03,S1_fixed_50pct,B4,123,12417,0.29781749844551086,0.1431204229593277,0.06509741395711899,94.3,2026-08-05T07:04:46.943249+00:00
lofo_alta2_to_hot,HOT_T03,S1_fixed_50pct,B6,42,12417,0.29781749844551086,0.09795771539211273,0.050611913204193115,99.4,2026-08-05T07:06:26.564829+00:00
lofo_alta2_to_hot,HOT_T03,S1_fixed_50pct,B6,123,12417,0.29781749844551086,0.0975741446018219,0.05133172497153282,98.1,2026-08-05T07:08:04.922513+00:00
lofo_alta2_to_hot,HOT_T03,S1_fixed_50pct,CLQR,42,12417,0.29781749844551086,0.10944414883852005,0.05184842646121979,44.9,2026-08-05T07:08:50.039375+00:00
lofo_alta2_to_hot,HOT_T03,S1_fixed_50pct,CLQR,123,12417,0.29781749844551086,0.11330392211675644,0.05221256986260414,52.7,2026-08-05T07:09:42.960530+00:00
lofo_alta2_to_hot,HOT_T04,S1_fixed_50pct,B0_persistence,fixed,12397,0.29507139325141907,0.17096794440391574,0.10894927382469177,0.0,2026-08-05T07:09:43.355693+00:00
lofo_alta2_to_hot,HOT_T04,S1_fixed_50pct,B4,42,12397,0.29507139325141907,0.14523307979106903,0.062144890427589417,90.6,2026-08-05T07:11:14.172754+00:00
lofo_alta2_to_hot,HOT_T04,S1_fixed_50pct,B4,123,12397,0.29507139325141907,0.14396044611930847,0.0664227157831192,88.9,2026-08-05T07:12:43.276052+00:00
lofo_alta2_to_hot,HOT_T04,S1_fixed_50pct,B6,42,12397,0.29507139325141907,0.10019081830978394,0.05307246744632721,95.9,2026-08-05T07:14:19.331831+00:00
lofo_alta2_to_hot,HOT_T04,S1_fixed_50pct,B6,123,12397,0.29507139325141907,0.10011661052703857,0.05391787365078926,95.7,2026-08-05T07:15:55.253453+00:00
lofo_alta2_to_hot,HOT_T04,S1_fixed_50pct,CLQR,42,12397,0.29507139325141907,0.11318691819906235,0.05488843843340874,45.2,2026-08-05T07:16:40.611355+00:00
lofo_alta2_to_hot,HOT_T04,S1_fixed_50pct,CLQR,123,12397,0.29507139325141907,0.11692430824041367,0.05528026819229126,51.8,2026-08-05T07:17:32.595932+00:00
lofo_alta2_to_hot,HOT_T05,S1_fixed_50pct,B0_persistence,fixed,11610,0.2665805220603943,0.16148876864928352,0.10571014881134033,0.0,2026-08-05T07:17:32.980413+00:00
lofo_alta2_to_hot,HOT_T05,S1_fixed_50pct,B4,42,11610,0.2665805220603943,0.13393978774547577,0.058053143322467804,88.7,2026-08-05T07:19:01.816396+00:00
lofo_alta2_to_hot,HOT_T05,S1_fixed_50pct,B4,123,11610,0.2665805220603943,0.1327858418226242,0.06240539997816086,89.2,2026-08-05T07:20:31.171726+00:00
lofo_alta2_to_hot,HOT_T05,S1_fixed_50pct,B6,42,11610,0.2665805220603943,0.096525177359581,0.050964970141649246,91.3,2026-08-05T07:22:02.688490+00:00
lofo_alta2_to_hot,HOT_T05,S1_fixed_50pct,B6,123,11610,0.2665805220603943,0.09645942598581314,0.05170448124408722,90.2,2026-08-05T07:23:33.022186+00:00
lofo_alta2_to_hot,HOT_T05,S1_fixed_50pct,CLQR,42,11610,0.2665805220603943,0.1076420247554779,0.051406122744083405,43.0,2026-08-05T07:24:16.139863+00:00
lofo_alta2_to_hot,HOT_T05,S1_fixed_50pct,CLQR,123,11610,0.2665805220603943,0.11092926561832428,0.05198898911476135,50.1,2026-08-05T07:25:06.327528+00:00
lofo_alta2_to_hot,HOT_T07,S1_fixed_50pct,B0_persistence,fixed,12644,0.3199145793914795,0.17954336441505309,0.11375001072883606,0.0,2026-08-05T07:25:06.608739+00:00
lofo_alta2_to_hot,HOT_T07,S1_fixed_50pct,B4,42,12644,0.3199145793914795,0.1573297679424286,0.06493155658245087,84.3,2026-08-05T07:26:31.161520+00:00
lofo_alta2_to_hot,HOT_T07,S1_fixed_50pct,B4,123,12644,0.3199145793914795,0.15603052079677582,0.06931763142347336,81.5,2026-08-05T07:27:52.781432+00:00
lofo_alta2_to_hot,HOT_T07,S1_fixed_50pct,B6,42,12644,0.3199145793914795,0.10375130921602249,0.054276980459690094,98.9,2026-08-05T07:29:31.917218+00:00
lofo_alta2_to_hot,HOT_T07,S1_fixed_50pct,B6,123,12644,0.3199145793914795,0.10323162376880646,0.055602654814720154,98.4,2026-08-05T07:31:10.553807+00:00
lofo_alta2_to_hot,HOT_T07,S1_fixed_50pct,CLQR,42,12644,0.3199145793914795,0.11794589459896088,0.05681357532739639,46.5,2026-08-05T07:31:57.240405+00:00
lofo_alta2_to_hot,HOT_T07,S1_fixed_50pct,CLQR,123,12644,0.3199145793914795,0.1218840628862381,0.057103630155324936,52.0,2026-08-05T07:32:49.469989+00:00
lofo_alta2_to_hot,HOT_T13,S1_fixed_50pct,B0_persistence,fixed,12802,0.3561943471431732,0.18755416451521081,0.12099277973175049,0.0,2026-08-05T07:32:49.871889+00:00
lofo_alta2_to_hot,HOT_T13,S1_fixed_50pct,B4,42,12802,0.3561943471431732,0.1676711142063141,0.07208937406539917,90.8,2026-08-05T07:34:20.848957+00:00
lofo_alta2_to_hot,HOT_T13,S1_fixed_50pct,B4,123,12802,0.3561943471431732,0.16580891609191895,0.07395529747009277,92.7,2026-08-05T07:35:53.713782+00:00
lofo_alta2_to_hot,HOT_T13,S1_fixed_50pct,B6,42,12802,0.3561943471431732,0.1060563400387764,0.055493973195552826,96.0,2026-08-05T07:37:29.896001+00:00
lofo_alta2_to_hot,HOT_T13,S1_fixed_50pct,B6,123,12802,0.3561943471431732,0.10543865710496902,0.056674301624298096,98.2,2026-08-05T07:39:08.308865+00:00
lofo_alta2_to_hot,HOT_T13,S1_fixed_50pct,CLQR,42,12802,0.3561943471431732,0.1216069757938385,0.05934552103281021,44.4,2026-08-05T07:39:52.810767+00:00
lofo_alta2_to_hot,HOT_T13,S1_fixed_50pct,CLQR,123,12802,0.3561943471431732,0.126146137714386,0.059986457228660583,50.3,2026-08-05T07:40:43.234094+00:00
lofo_alta2_to_hot,HOT_T14,S1_fixed_50pct,B0_persistence,fixed,11905,0.32658547163009644,0.1798819629681218,0.11169566214084625,0.0,2026-08-05T07:40:43.537424+00:00
lofo_alta2_to_hot,HOT_T14,S1_fixed_50pct,B4,42,11905,0.32658547163009644,0.15864448249340057,0.06514974683523178,87.2,2026-08-05T07:42:10.955191+00:00
lofo_alta2_to_hot,HOT_T14,S1_fixed_50pct,B4,123,11905,0.32658547163009644,0.15752528607845306,0.07028747349977493,86.2,2026-08-05T07:43:37.296296+00:00
lofo_alta2_to_hot,HOT_T14,S1_fixed_50pct,B6,42,11905,0.32658547163009644,0.10388154536485672,0.05365540087223053,92.5,2026-08-05T07:45:09.975823+00:00
lofo_alta2_to_hot,HOT_T14,S1_fixed_50pct,B6,123,11905,0.32658547163009644,0.10335401445627213,0.055289048701524734,95.4,2026-08-05T07:46:45.557351+00:00
lofo_alta2_to_hot,HOT_T14,S1_fixed_50pct,CLQR,42,11905,0.32658547163009644,0.11874598264694214,0.056252676993608475,47.6,2026-08-05T07:47:33.376086+00:00
lofo_alta2_to_hot,HOT_T14,S1_fixed_50pct,CLQR,123,11905,0.32658547163009644,0.12263090163469315,0.0566118024289608,53.8,2026-08-05T07:48:27.317202+00:00
lofo_alta2_to_hot,HOT_T01,S4_random_uniform,B0_persistence,fixed,12046,0.25062260031700134,0.155537151197312,0.10433132946491241,0.0,2026-08-05T07:48:29.030486+00:00
lofo_alta2_to_hot,HOT_T01,S4_random_uniform,B4,42,12046,0.25062260031700134,0.11684577912092209,0.05653341859579086,93.7,2026-08-05T07:50:02.868598+00:00
lofo_alta2_to_hot,HOT_T01,S4_random_uniform,B4,123,12046,0.25062260031700134,0.11530374735593796,0.05528341606259346,89.8,2026-08-05T07:51:32.897684+00:00
lofo_alta2_to_hot,HOT_T01,S4_random_uniform,B6,42,12046,0.25062260031700134,0.08760878443717957,0.05011554807424545,90.7,2026-08-05T07:53:03.801306+00:00
lofo_alta2_to_hot,HOT_T01,S4_random_uniform,B6,123,12046,0.25062260031700134,0.08857283741235733,0.04935910180211067,90.3,2026-08-05T07:54:34.285766+00:00
lofo_alta2_to_hot,HOT_T01,S4_random_uniform,CLQR,42,12046,0.25062260031700134,0.09921428561210632,0.050707049667835236,41.9,2026-08-05T07:55:16.348941+00:00
lofo_alta2_to_hot,HOT_T01,S4_random_uniform,CLQR,123,12046,0.25062260031700134,0.09439752250909805,0.04766150936484337,47.5,2026-08-05T07:56:04.077878+00:00
lofo_alta2_to_hot,HOT_T02,S4_random_uniform,B0_persistence,fixed,10861,0.21517355740070343,0.14781467765555967,0.09884059429168701,0.0,2026-08-05T07:56:04.438636+00:00
lofo_alta2_to_hot,HOT_T02,S4_random_uniform,B4,42,10861,0.21517355740070343,0.10914912074804306,0.05324877053499222,90.0,2026-08-05T07:57:34.640083+00:00
lofo_alta2_to_hot,HOT_T02,S4_random_uniform,B4,123,10861,0.21517355740070343,0.10810699313879013,0.0509573295712471,86.9,2026-08-05T07:59:01.714167+00:00
lofo_alta2_to_hot,HOT_T02,S4_random_uniform,B6,42,10861,0.21517355740070343,0.08709335327148438,0.04856440797448158,94.2,2026-08-05T08:00:36.089712+00:00
lofo_alta2_to_hot,HOT_T02,S4_random_uniform,B6,123,10861,0.21517355740070343,0.08799029886722565,0.047317251563072205,95.3,2026-08-05T08:02:11.562660+00:00
lofo_alta2_to_hot,HOT_T02,S4_random_uniform,CLQR,42,10861,0.21517355740070343,0.09533127397298813,0.04836620017886162,43.0,2026-08-05T08:02:54.704382+00:00
lofo_alta2_to_hot,HOT_T02,S4_random_uniform,CLQR,123,10861,0.21517355740070343,0.0918492004275322,0.046198613941669464,48.1,2026-08-05T08:03:42.944868+00:00
lofo_alta2_to_hot,HOT_T03,S4_random_uniform,B0_persistence,fixed,12417,0.2537649869918823,0.15386777265472737,0.10245665907859802,0.0,2026-08-05T08:03:43.325862+00:00
lofo_alta2_to_hot,HOT_T03,S4_random_uniform,B4,42,12417,0.2537649869918823,0.11683008819818497,0.0555257648229599,89.7,2026-08-05T08:05:13.177515+00:00
lofo_alta2_to_hot,HOT_T03,S4_random_uniform,B4,123,12417,0.2537649869918823,0.11483573168516159,0.053230270743370056,91.3,2026-08-05T08:06:44.717551+00:00
lofo_alta2_to_hot,HOT_T03,S4_random_uniform,B6,42,12417,0.2537649869918823,0.0861385315656662,0.04832528159022331,95.1,2026-08-05T08:08:19.983148+00:00
lofo_alta2_to_hot,HOT_T03,S4_random_uniform,B6,123,12417,0.2537649869918823,0.08753476291894913,0.046242352575063705,96.2,2026-08-05T08:09:56.385623+00:00
lofo_alta2_to_hot,HOT_T03,S4_random_uniform,CLQR,42,12417,0.2537649869918823,0.09648559242486954,0.04781155288219452,43.7,2026-08-05T08:10:40.263314+00:00
lofo_alta2_to_hot,HOT_T03,S4_random_uniform,CLQR,123,12417,0.2537649869918823,0.09204787760972977,0.04477986320853233,48.3,2026-08-05T08:11:28.719938+00:00
lofo_alta2_to_hot,HOT_T04,S4_random_uniform,B0_persistence,fixed,12397,0.2520771026611328,0.15906642535499307,0.10450643301010132,0.0,2026-08-05T08:11:29.105453+00:00
lofo_alta2_to_hot,HOT_T04,S4_random_uniform,B4,42,12397,0.2520771026611328,0.12056097388267517,0.05764169991016388,90.1,2026-08-05T08:12:59.400641+00:00
lofo_alta2_to_hot,HOT_T04,S4_random_uniform,B4,123,12397,0.2520771026611328,0.11876896768808365,0.055691640824079514,88.0,2026-08-05T08:14:27.632358+00:00
lofo_alta2_to_hot,HOT_T04,S4_random_uniform,B6,42,12397,0.2520771026611328,0.09012973308563232,0.05117149278521538,93.0,2026-08-05T08:16:00.799664+00:00
lofo_alta2_to_hot,HOT_T04,S4_random_uniform,B6,123,12397,0.2520771026611328,0.09160477668046951,0.050574880093336105,95.6,2026-08-05T08:17:36.583226+00:00
lofo_alta2_to_hot,HOT_T04,S4_random_uniform,CLQR,42,12397,0.2520771026611328,0.10244692862033844,0.05198351666331291,43.3,2026-08-05T08:18:20.073917+00:00
lofo_alta2_to_hot,HOT_T04,S4_random_uniform,CLQR,123,12397,0.2520771026611328,0.09758303314447403,0.04901302605867386,47.6,2026-08-05T08:19:07.862314+00:00
lofo_alta2_to_hot,HOT_T05,S4_random_uniform,B0_persistence,fixed,11610,0.22058570384979248,0.15085294013690528,0.10205231606960297,0.0,2026-08-05T08:19:08.220257+00:00
lofo_alta2_to_hot,HOT_T05,S4_random_uniform,B4,42,11610,0.22058570384979248,0.11135802417993546,0.05477013438940048,88.4,2026-08-05T08:20:36.783329+00:00
lofo_alta2_to_hot,HOT_T05,S4_random_uniform,B4,123,11610,0.22058570384979248,0.11042042076587677,0.053361520171165466,88.1,2026-08-05T08:22:05.069781+00:00
lofo_alta2_to_hot,HOT_T05,S4_random_uniform,B6,42,11610,0.22058570384979248,0.08907487243413925,0.049862340092659,104.0,2026-08-05T08:23:49.304352+00:00
lofo_alta2_to_hot,HOT_T05,S4_random_uniform,B6,123,11610,0.22058570384979248,0.08981891721487045,0.049498796463012695,102.0,2026-08-05T08:25:31.543893+00:00
lofo_alta2_to_hot,HOT_T05,S4_random_uniform,CLQR,42,11610,0.22058570384979248,0.09888536483049393,0.04955349862575531,46.0,2026-08-05T08:26:17.722122+00:00
lofo_alta2_to_hot,HOT_T05,S4_random_uniform,CLQR,123,11610,0.22058570384979248,0.09473460912704468,0.04788631200790405,51.9,2026-08-05T08:27:09.842855+00:00
lofo_alta2_to_hot,HOT_T07,S4_random_uniform,B0_persistence,fixed,12644,0.28218919038772583,0.15891673587756427,0.1071050688624382,0.0,2026-08-05T08:27:10.234742+00:00
lofo_alta2_to_hot,HOT_T07,S4_random_uniform,B4,42,12644,0.28218919038772583,0.12254830449819565,0.05889572203159332,96.1,2026-08-05T08:28:46.490768+00:00
lofo_alta2_to_hot,HOT_T07,S4_random_uniform,B4,123,12644,0.28218919038772583,0.12050032615661621,0.058053139597177505,94.6,2026-08-05T08:30:21.330392+00:00
lofo_alta2_to_hot,HOT_T07,S4_random_uniform,B6,42,12644,0.28218919038772583,0.08787202835083008,0.050131238996982574,103.2,2026-08-05T08:32:04.761978+00:00
lofo_alta2_to_hot,HOT_T07,S4_random_uniform,B6,123,12644,0.28218919038772583,0.08930259943008423,0.048832930624485016,101.5,2026-08-05T08:33:46.533998+00:00
lofo_alta2_to_hot,HOT_T07,S4_random_uniform,CLQR,42,12644,0.28218919038772583,0.10014018416404724,0.0511147640645504,45.3,2026-08-05T08:34:31.996861+00:00
lofo_alta2_to_hot,HOT_T07,S4_random_uniform,CLQR,123,12644,0.28218919038772583,0.09466585516929626,0.04714234173297882,50.2,2026-08-05T08:35:22.378551+00:00
lofo_alta2_to_hot,HOT_T13,S4_random_uniform,B0_persistence,fixed,12802,0.308701753616333,0.16657959695333938,0.11066527664661407,0.0,2026-08-05T08:35:22.764135+00:00
lofo_alta2_to_hot,HOT_T13,S4_random_uniform,B4,42,12802,0.308701753616333,0.1304011046886444,0.06115296110510826,94.7,2026-08-05T08:36:57.698745+00:00
lofo_alta2_to_hot,HOT_T13,S4_random_uniform,B4,123,12802,0.308701753616333,0.1274099051952362,0.05916627496480942,91.6,2026-08-05T08:38:29.484510+00:00
lofo_alta2_to_hot,HOT_T13,S4_random_uniform,B6,42,12802,0.308701753616333,0.08853596448898315,0.05116060748696327,98.8,2026-08-05T08:40:08.503644+00:00
lofo_alta2_to_hot,HOT_T13,S4_random_uniform,B6,123,12802,0.308701753616333,0.09051728248596191,0.04892471432685852,101.0,2026-08-05T08:41:49.697963+00:00
lofo_alta2_to_hot,HOT_T13,S4_random_uniform,CLQR,42,12802,0.308701753616333,0.10239505767822266,0.05203777551651001,43.4,2026-08-05T08:42:33.270204+00:00
lofo_alta2_to_hot,HOT_T13,S4_random_uniform,CLQR,123,12802,0.308701753616333,0.09612911194562912,0.046779271215200424,47.3,2026-08-05T08:43:20.744772+00:00
lofo_alta2_to_hot,HOT_T14,S4_random_uniform,B0_persistence,fixed,11905,0.28341034054756165,0.1628857431801076,0.10577541589736938,0.0,2026-08-05T08:43:21.107272+00:00
lofo_alta2_to_hot,HOT_T14,S4_random_uniform,B4,42,11905,0.28341034054756165,0.12709760665893555,0.05991058796644211,91.2,2026-08-05T08:44:52.514348+00:00
lofo_alta2_to_hot,HOT_T14,S4_random_uniform,B4,123,11905,0.28341034054756165,0.12495385855436325,0.05804187059402466,90.4,2026-08-05T08:46:23.120938+00:00
lofo_alta2_to_hot,HOT_T14,S4_random_uniform,B6,42,11905,0.28341034054756165,0.08929217606782913,0.0518164299428463,96.3,2026-08-05T08:47:59.579402+00:00
lofo_alta2_to_hot,HOT_T14,S4_random_uniform,B6,123,11905,0.28341034054756165,0.09080884605646133,0.05016425624489784,100.2,2026-08-05T08:49:40.033968+00:00
lofo_alta2_to_hot,HOT_T14,S4_random_uniform,CLQR,42,11905,0.28341034054756165,0.10333091765642166,0.05250169336795807,47.3,2026-08-05T08:50:27.551127+00:00
lofo_alta2_to_hot,HOT_T14,S4_random_uniform,CLQR,123,11905,0.28341034054756165,0.09686809033155441,0.048867955803871155,52.2,2026-08-05T08:51:19.913963+00:00
lofo_hot_to_alta2,ALTA2_1301253,S1_fixed_50pct,B0_persistence,fixed,18113,0.11908573657274246,0.05828659800664623,0.0330376923084259,0.0,2026-08-05T08:51:22.614825+00:00
lofo_hot_to_alta2,ALTA2_1301253,S1_fixed_50pct,B4,42,18113,0.11908573657274246,0.055609848350286484,0.034667447209358215,85.1,2026-08-05T08:52:47.970380+00:00
lofo_hot_to_alta2,ALTA2_1301253,S1_fixed_50pct,B4,123,18113,0.11908573657274246,0.053552452474832535,0.03450273722410202,111.5,2026-08-05T08:54:39.728628+00:00
lofo_hot_to_alta2,ALTA2_1301253,S1_fixed_50pct,B6,42,18113,0.11908573657274246,0.06348923593759537,0.0381944477558136,108.7,2026-08-05T08:56:28.757086+00:00
lofo_hot_to_alta2,ALTA2_1301253,S1_fixed_50pct,B6,123,18113,0.11908573657274246,0.060295555740594864,0.03777163475751877,119.1,2026-08-05T08:58:28.218539+00:00
lofo_hot_to_alta2,ALTA2_1301253,S1_fixed_50pct,CLQR,42,18113,0.11908573657274246,0.0521295927464962,0.0334026962518692,65.6,2026-08-05T08:59:34.064252+00:00
lofo_hot_to_alta2,ALTA2_1301253,S1_fixed_50pct,CLQR,123,18113,0.11908573657274246,0.05239121988415718,0.03617464005947113,82.6,2026-08-05T09:00:56.908547+00:00
lofo_hot_to_alta2,ALTA2_1301254,S1_fixed_50pct,B0_persistence,fixed,16181,0.07379024475812912,0.05067907552389138,0.031326860189437866,0.0,2026-08-05T09:00:57.255631+00:00
lofo_hot_to_alta2,ALTA2_1301254,S1_fixed_50pct,B4,42,16181,0.07379024475812912,0.043917033821344376,0.031553518027067184,86.3,2026-08-05T09:02:23.891085+00:00
lofo_hot_to_alta2,ALTA2_1301254,S1_fixed_50pct,B4,123,16181,0.07379024475812912,0.043588005006313324,0.03073887713253498,107.7,2026-08-05T09:04:11.896891+00:00
lofo_hot_to_alta2,ALTA2_1301254,S1_fixed_50pct,B6,42,16181,0.07379024475812912,0.047065336257219315,0.032095231115818024,101.6,2026-08-05T09:05:53.758486+00:00
lofo_hot_to_alta2,ALTA2_1301254,S1_fixed_50pct,B6,123,16181,0.07379024475812912,0.046131812036037445,0.0318254679441452,115.1,2026-08-05T09:07:49.156438+00:00
lofo_hot_to_alta2,ALTA2_1301254,S1_fixed_50pct,CLQR,42,16181,0.07379024475812912,0.04328851401805878,0.029986746609210968,65.4,2026-08-05T09:08:54.798322+00:00
lofo_hot_to_alta2,ALTA2_1301254,S1_fixed_50pct,CLQR,123,16181,0.07379024475812912,0.04430672526359558,0.0317152738571167,89.2,2026-08-05T09:10:24.215852+00:00
lofo_hot_to_alta2,ALTA2_1301255,S1_fixed_50pct,B0_persistence,fixed,15533,0.0741003006696701,0.052121703600684716,0.03267678618431091,0.0,2026-08-05T09:10:24.596492+00:00
lofo_hot_to_alta2,ALTA2_1301255,S1_fixed_50pct,B4,42,15533,0.0741003006696701,0.04413078352808952,0.031110716983675957,87.5,2026-08-05T09:11:52.337810+00:00
lofo_hot_to_alta2,ALTA2_1301255,S1_fixed_50pct,B4,123,15533,0.0741003006696701,0.043362293392419815,0.03024134412407875,113.6,2026-08-05T09:13:46.192010+00:00
lofo_hot_to_alta2,ALTA2_1301255,S1_fixed_50pct,B6,42,15533,0.0741003006696701,0.04547515884041786,0.031631190329790115,107.9,2026-08-05T09:15:34.341224+00:00
lofo_hot_to_alta2,ALTA2_1301255,S1_fixed_50pct,B6,123,15533,0.0741003006696701,0.04448729753494263,0.031115038320422173,120.4,2026-08-05T09:17:34.957387+00:00
lofo_hot_to_alta2,ALTA2_1301255,S1_fixed_50pct,CLQR,42,15533,0.0741003006696701,0.042386382818222046,0.029581686481833458,69.8,2026-08-05T09:18:44.953886+00:00
lofo_hot_to_alta2,ALTA2_1301255,S1_fixed_50pct,CLQR,123,15533,0.0741003006696701,0.043681807816028595,0.031377967447042465,92.2,2026-08-05T09:20:17.428530+00:00
lofo_hot_to_alta2,ALTA2_1301256,S1_fixed_50pct,B0_persistence,fixed,17313,0.09663258492946625,0.05634715846523299,0.032684579491615295,0.0,2026-08-05T09:20:17.844711+00:00
lofo_hot_to_alta2,ALTA2_1301256,S1_fixed_50pct,B4,42,17313,0.09663258492946625,0.051193203777074814,0.03382977098226547,89.1,2026-08-05T09:21:47.224636+00:00
lofo_hot_to_alta2,ALTA2_1301256,S1_fixed_50pct,B4,123,17313,0.09663258492946625,0.049715958535671234,0.03309531509876251,113.7,2026-08-05T09:23:41.150684+00:00
lofo_hot_to_alta2,ALTA2_1301256,S1_fixed_50pct,B6,42,17313,0.09663258492946625,0.05519421026110649,0.036369439214468,106.2,2026-08-05T09:25:27.616553+00:00
lofo_hot_to_alta2,ALTA2_1301256,S1_fixed_50pct,B6,123,17313,0.09663258492946625,0.05306533724069595,0.03598517179489136,112.4,2026-08-05T09:27:20.338320+00:00
lofo_hot_to_alta2,ALTA2_1301256,S1_fixed_50pct,CLQR,42,17313,0.09663258492946625,0.04910264536738396,0.03277932107448578,66.6,2026-08-05T09:28:27.157605+00:00
lofo_hot_to_alta2,ALTA2_1301256,S1_fixed_50pct,CLQR,123,17313,0.09663258492946625,0.049369052052497864,0.03414223715662956,87.1,2026-08-05T09:29:54.492268+00:00
lofo_hot_to_alta2,ALTA2_1301257,S1_fixed_50pct,B0_persistence,fixed,17437,0.15816940367221832,0.07511841931556106,0.04270362854003906,0.0,2026-08-05T09:29:54.890387+00:00
lofo_hot_to_alta2,ALTA2_1301257,S1_fixed_50pct,B4,42,17437,0.15816940367221832,0.06806996464729309,0.03950141742825508,84.1,2026-08-05T09:31:19.213711+00:00
lofo_hot_to_alta2,ALTA2_1301257,S1_fixed_50pct,B4,123,17437,0.15816940367221832,0.06655824929475784,0.03931407257914543,108.2,2026-08-05T09:33:07.641862+00:00
lofo_hot_to_alta2,ALTA2_1301257,S1_fixed_50pct,B6,42,17437,0.15816940367221832,0.06907118856906891,0.044083863496780396,109.3,2026-08-05T09:34:57.198605+00:00
lofo_hot_to_alta2,ALTA2_1301257,S1_fixed_50pct,B6,123,17437,0.15816940367221832,0.06614047288894653,0.04323239624500275,124.1,2026-08-05T09:37:01.563809+00:00
lofo_hot_to_alta2,ALTA2_1301257,S1_fixed_50pct,CLQR,42,17437,0.15816940367221832,0.0577063113451004,0.03745771199464798,70.5,2026-08-05T09:38:12.371970+00:00
lofo_hot_to_alta2,ALTA2_1301257,S1_fixed_50pct,CLQR,123,17437,0.15816940367221832,0.05677565559744835,0.038636770099401474,91.8,2026-08-05T09:39:44.420731+00:00
lofo_hot_to_alta2,ALTA2_1301253,S4_random_uniform,B0_persistence,fixed,18113,0.09109479188919067,0.05601294883027856,0.032146528363227844,0.0,2026-08-05T09:39:47.401438+00:00
lofo_hot_to_alta2,ALTA2_1301253,S4_random_uniform,B4,42,18113,0.09109479188919067,0.04708593711256981,0.031990811228752136,114.9,2026-08-05T09:41:42.618122+00:00
lofo_hot_to_alta2,ALTA2_1301253,S4_random_uniform,B4,123,18113,0.09109479188919067,0.04738471657037735,0.033140864223241806,96.2,2026-08-05T09:43:19.082227+00:00
lofo_hot_to_alta2,ALTA2_1301253,S4_random_uniform,B6,42,18113,0.09109479188919067,0.06385932862758636,0.04013173654675484,74.9,2026-08-05T09:44:34.203068+00:00
lofo_hot_to_alta2,ALTA2_1301253,S4_random_uniform,B6,123,18113,0.09109479188919067,0.06855922192335129,0.039912719279527664,63.7,2026-08-05T09:45:38.173647+00:00
lofo_hot_to_alta2,ALTA2_1301253,S4_random_uniform,CLQR,42,18113,0.09109479188919067,0.06153900548815727,0.041075725108385086,30.9,2026-08-05T09:46:09.234650+00:00
lofo_hot_to_alta2,ALTA2_1301253,S4_random_uniform,CLQR,123,18113,0.09109479188919067,0.05513085797429085,0.0380498431622982,41.7,2026-08-05T09:46:51.107624+00:00
lofo_hot_to_alta2,ALTA2_1301254,S4_random_uniform,B0_persistence,fixed,16181,0.06000865250825882,0.05051426403051799,0.030954554677009583,0.0,2026-08-05T09:46:51.383058+00:00
lofo_hot_to_alta2,ALTA2_1301254,S4_random_uniform,B4,42,16181,0.06000865250825882,0.04007464274764061,0.02847243659198284,78.1,2026-08-05T09:48:09.698224+00:00
lofo_hot_to_alta2,ALTA2_1301254,S4_random_uniform,B4,123,16181,0.06000865250825882,0.041013963520526886,0.030399726703763008,81.2,2026-08-05T09:49:31.158374+00:00
lofo_hot_to_alta2,ALTA2_1301254,S4_random_uniform,B6,42,16181,0.06000865250825882,0.04874247685074806,0.03339730203151703,73.4,2026-08-05T09:50:44.807083+00:00
lofo_hot_to_alta2,ALTA2_1301254,S4_random_uniform,B6,123,16181,0.06000865250825882,0.05125601217150688,0.03372044488787651,67.6,2026-08-05T09:51:52.596472+00:00
lofo_hot_to_alta2,ALTA2_1301254,S4_random_uniform,CLQR,42,16181,0.06000865250825882,0.05168377235531807,0.036484912037849426,29.9,2026-08-05T09:52:22.660776+00:00
lofo_hot_to_alta2,ALTA2_1301254,S4_random_uniform,CLQR,123,16181,0.06000865250825882,0.0473930649459362,0.03352484479546547,41.3,2026-08-05T09:53:04.085575+00:00
lofo_hot_to_alta2,ALTA2_1301255,S4_random_uniform,B0_persistence,fixed,15533,0.06096697226166725,0.05207911196266055,0.03271162509918213,0.0,2026-08-05T09:53:04.335005+00:00
lofo_hot_to_alta2,ALTA2_1301255,S4_random_uniform,B4,42,15533,0.06096697226166725,0.04078233614563942,0.02883409708738327,74.9,2026-08-05T09:54:19.409789+00:00
lofo_hot_to_alta2,ALTA2_1301255,S4_random_uniform,B4,123,15533,0.06096697226166725,0.041236504912376404,0.030060874298214912,71.7,2026-08-05T09:55:31.305618+00:00
lofo_hot_to_alta2,ALTA2_1301255,S4_random_uniform,B6,42,15533,0.06096697226166725,0.04579884186387062,0.03271268308162689,74.7,2026-08-05T09:56:46.188988+00:00
lofo_hot_to_alta2,ALTA2_1301255,S4_random_uniform,B6,123,15533,0.06096697226166725,0.04885455220937729,0.03288598731160164,60.2,2026-08-05T09:57:46.569822+00:00
lofo_hot_to_alta2,ALTA2_1301255,S4_random_uniform,CLQR,42,15533,0.06096697226166725,0.050015639513731,0.03570657968521118,29.9,2026-08-05T09:58:16.583701+00:00
lofo_hot_to_alta2,ALTA2_1301255,S4_random_uniform,CLQR,123,15533,0.06096697226166725,0.04597589373588562,0.03300284594297409,38.4,2026-08-05T09:58:55.161770+00:00
lofo_hot_to_alta2,ALTA2_1301256,S4_random_uniform,B0_persistence,fixed,17313,0.07277768105268478,0.0557690659362653,0.03223729133605957,0.0,2026-08-05T09:58:55.481865+00:00
lofo_hot_to_alta2,ALTA2_1301256,S4_random_uniform,B4,42,17313,0.07277768105268478,0.0453646145761013,0.031124135479331017,74.6,2026-08-05T10:00:10.242546+00:00
lofo_hot_to_alta2,ALTA2_1301256,S4_random_uniform,B4,123,17313,0.07277768105268478,0.04604035243391991,0.03279750049114227,76.7,2026-08-05T10:01:27.161065+00:00
lofo_hot_to_alta2,ALTA2_1301256,S4_random_uniform,B6,42,17313,0.07277768105268478,0.05558547377586365,0.0378703698515892,68.4,2026-08-05T10:02:35.798802+00:00
lofo_hot_to_alta2,ALTA2_1301256,S4_random_uniform,B6,123,17313,0.07277768105268478,0.059208206832408905,0.03817273676395416,55.0,2026-08-05T10:03:30.972965+00:00
lofo_hot_to_alta2,ALTA2_1301256,S4_random_uniform,CLQR,42,17313,0.07277768105268478,0.056679971516132355,0.03941615670919418,26.6,2026-08-05T10:03:57.707862+00:00
lofo_hot_to_alta2,ALTA2_1301256,S4_random_uniform,CLQR,123,17313,0.07277768105268478,0.051683176308870316,0.03646537661552429,35.7,2026-08-05T10:04:33.612827+00:00
lofo_hot_to_alta2,ALTA2_1301257,S4_random_uniform,B0_persistence,fixed,17437,0.11928657442331314,0.0708419394758362,0.04168595373630524,0.0,2026-08-05T10:04:33.881490+00:00
lofo_hot_to_alta2,ALTA2_1301257,S4_random_uniform,B4,42,17437,0.11928657442331314,0.05784362182021141,0.038472093641757965,66.5,2026-08-05T10:05:40.624399+00:00
lofo_hot_to_alta2,ALTA2_1301257,S4_random_uniform,B4,123,17437,0.11928657442331314,0.057946909219026566,0.03846117854118347,67.0,2026-08-05T10:06:47.833682+00:00
lofo_hot_to_alta2,ALTA2_1301257,S4_random_uniform,B6,42,17437,0.11928657442331314,0.06891634315252304,0.04508964717388153,64.4,2026-08-05T10:07:52.484636+00:00
lofo_hot_to_alta2,ALTA2_1301257,S4_random_uniform,B6,123,17437,0.11928657442331314,0.0723249763250351,0.0448603481054306,55.2,2026-08-05T10:08:47.912405+00:00
lofo_hot_to_alta2,ALTA2_1301257,S4_random_uniform,CLQR,42,17437,0.11928657442331314,0.06273713707923889,0.042579781264066696,26.6,2026-08-05T10:09:14.628320+00:00
lofo_hot_to_alta2,ALTA2_1301257,S4_random_uniform,CLQR,123,17437,0.11928657442331314,0.05774004012346268,0.040088824927806854,36.0,2026-08-05T10:09:50.779234+00:00
