run,contamination_mode,intensity_factor,inference_role,family,scenario,reference,challenger,window_type,n_windows,n_clusters,difference_reference_minus_challenger,ci_low,ci_high,sign_flip_p_two_sided,advantage_retained
pap_benchmark_semisyn,none,0.0,robustness_no_multiplicity_correction,RQ1_control_inputs_B4_vs_B4plain,S1_fixed_50pct,B4_plain,B4,all,9922,20,-0.004225467146978819,-0.0063371177900949285,-0.0013980879270388098,0.012919870801291988,False
pap_benchmark_semisyn,none,0.0,robustness_no_multiplicity_correction,RQ1_control_inputs_B4_vs_B4plain,S1_fixed_50pct,B4_plain,B4,censored,4134,19,-0.011143838583361529,-0.014316242869267621,-0.005934622394974451,0.0009599904000959991,False
pap_benchmark_semisyn,none,0.0,robustness_no_multiplicity_correction,RQ1_control_inputs_B4_vs_B4plain,S1_fixed_50pct,B4_plain,B4,clean,5788,20,0.0007158852230982582,-0.000411239010800866,0.0017367225598649862,0.24396756032439676,False
pap_benchmark_semisyn_contam100,relative,1.0,robustness_no_multiplicity_correction,RQ1_control_inputs_B4_vs_B4plain,S1_fixed_50pct,B4_plain,B4,all,9922,20,-0.00021990069005470544,-0.0010265689371171931,0.0004774635447618452,0.5739142608573914,False
pap_benchmark_semisyn_contam100,relative,1.0,robustness_no_multiplicity_correction,RQ1_control_inputs_B4_vs_B4plain,S1_fixed_50pct,B4_plain,B4,censored,4134,19,-0.001966763754254978,-0.003978270109992523,-0.0005560763124499312,0.01864981350186498,False
pap_benchmark_semisyn_contam100,relative,1.0,robustness_no_multiplicity_correction,RQ1_control_inputs_B4_vs_B4plain,S1_fixed_50pct,B4_plain,B4,clean,5788,20,0.0010277724107407204,0.00018490357845508417,0.0018044529007822043,0.03556964430355696,True
pap_benchmark_semisyn,none,0.0,robustness_no_multiplicity_correction,RQ1_censored_likelihood_primary,S1_fixed_50pct,B4,B6,all,9922,20,0.09600551913315823,0.04958067738866134,0.12951785730970716,0.00011999880001199988,True
pap_benchmark_semisyn,none,0.0,robustness_no_multiplicity_correction,RQ1_censored_likelihood_primary,S1_fixed_50pct,B4,B6,censored,4134,19,0.21786065074503888,0.14587447587554508,0.2563611627793661,1.999980000199998e-05,True
pap_benchmark_semisyn,none,0.0,robustness_no_multiplicity_correction,RQ1_censored_likelihood_primary,S1_fixed_50pct,B4,B6,clean,5788,20,0.00897215457138996,0.0001304575589382224,0.017671254399745803,0.1036689633103669,True
pap_benchmark_semisyn_contam100,relative,1.0,robustness_no_multiplicity_correction,RQ1_censored_likelihood_primary,S1_fixed_50pct,B4,B6,all,9922,20,0.09486558027397463,0.04905764567272944,0.1278248838347849,0.00012999870001299986,True
pap_benchmark_semisyn_contam100,relative,1.0,robustness_no_multiplicity_correction,RQ1_censored_likelihood_primary,S1_fixed_50pct,B4,B6,censored,4134,19,0.21645878172460645,0.14625078891291832,0.25404323620352204,1.999980000199998e-05,True
pap_benchmark_semisyn_contam100,relative,1.0,robustness_no_multiplicity_correction,RQ1_censored_likelihood_primary,S1_fixed_50pct,B4,B6,clean,5788,20,0.00801929575481221,-0.0007409345264604634,0.016618043029878814,0.14753852461475386,False
pap_benchmark_semisyn,none,0.0,robustness_no_multiplicity_correction,RQ1_censored_likelihood_primary,S1_fixed_50pct,B4,BT,all,9922,20,0.09283108925944819,0.04935554870838072,0.12451190711684904,0.00012999870001299986,True
pap_benchmark_semisyn,none,0.0,robustness_no_multiplicity_correction,RQ1_censored_likelihood_primary,S1_fixed_50pct,B4,BT,censored,4134,19,0.210426831296359,0.14508380109224353,0.24705022303941016,9.99990000099999e-06,True
pap_benchmark_semisyn,none,0.0,robustness_no_multiplicity_correction,RQ1_censored_likelihood_primary,S1_fixed_50pct,B4,BT,clean,5788,20,0.008839935565497031,0.0009416395806738256,0.01604857724199103,0.05981940180598194,True
pap_benchmark_semisyn_contam100,relative,1.0,robustness_no_multiplicity_correction,RQ1_censored_likelihood_primary,S1_fixed_50pct,B4,BT,all,9922,20,0.09048777906770611,0.04875534323753838,0.1207793482598988,9.99990000099999e-05,True
pap_benchmark_semisyn_contam100,relative,1.0,robustness_no_multiplicity_correction,RQ1_censored_likelihood_primary,S1_fixed_50pct,B4,BT,censored,4134,19,0.20425435524113048,0.14127266562419333,0.23951505497892597,9.99990000099999e-06,True
pap_benchmark_semisyn_contam100,relative,1.0,robustness_no_multiplicity_correction,RQ1_censored_likelihood_primary,S1_fixed_50pct,B4,BT,clean,5788,20,0.009231554827737829,0.0020736188043782,0.015567711367382882,0.02978970210297897,True
pap_benchmark_semisyn,none,0.0,robustness_no_multiplicity_correction,RQ1_censored_likelihood_primary,S1_fixed_50pct,B1,B6,all,9922,20,0.013736635263484724,0.009475252385980473,0.017399913597098297,0.0004999950000499995,True
pap_benchmark_semisyn,none,0.0,robustness_no_multiplicity_correction,RQ1_censored_likelihood_primary,S1_fixed_50pct,B1,B6,censored,4134,19,0.039247399504960166,0.03342004540375147,0.04943244872411994,9.99990000099999e-06,True
pap_benchmark_semisyn,none,0.0,robustness_no_multiplicity_correction,RQ1_censored_likelihood_primary,S1_fixed_50pct,B1,B6,clean,5788,20,-0.004484079901383882,-0.0069865141457198365,-0.002312946039996427,0.0016899831001689982,False
pap_benchmark_semisyn_contam100,relative,1.0,robustness_no_multiplicity_correction,RQ1_censored_likelihood_primary,S1_fixed_50pct,B1,B6,all,9922,20,0.013782902691966477,0.009268139202146784,0.017583085538116237,0.0006299937000629993,True
pap_benchmark_semisyn_contam100,relative,1.0,robustness_no_multiplicity_correction,RQ1_censored_likelihood_primary,S1_fixed_50pct,B1,B6,censored,4134,19,0.0403848357239119,0.034529169963535666,0.05040184216042606,9.99990000099999e-06,True
pap_benchmark_semisyn_contam100,relative,1.0,robustness_no_multiplicity_correction,RQ1_censored_likelihood_primary,S1_fixed_50pct,B1,B6,clean,5788,20,-0.0052171648882101615,-0.007904405872944385,-0.0028800764152116087,0.0012299877001229987,False
pap_benchmark_semisyn,none,0.0,robustness_no_multiplicity_correction,RQ1_secondary_B6_vs_BT,S1_fixed_50pct,BT,B6,all,9922,20,0.0031744298737100404,0.0004483999995275703,0.0054430896762914125,0.06111938880611194,True
pap_benchmark_semisyn,none,0.0,robustness_no_multiplicity_correction,RQ1_secondary_B6_vs_BT,S1_fixed_50pct,BT,B6,censored,4134,19,0.007433819448679909,0.003844362837695631,0.009634680188137516,6.999930000699993e-05,True
pap_benchmark_semisyn,none,0.0,robustness_no_multiplicity_correction,RQ1_secondary_B6_vs_BT,S1_fixed_50pct,BT,B6,clean,5788,20,0.0001322190058929298,-0.001545365736471278,0.0019517047750717779,0.9313106868931311,False
pap_benchmark_semisyn_contam100,relative,1.0,robustness_no_multiplicity_correction,RQ1_secondary_B6_vs_BT,S1_fixed_50pct,BT,B6,all,9922,20,0.0043778012062685185,0.00040354353709782175,0.007699808933977021,0.07842921570784292,True
pap_benchmark_semisyn_contam100,relative,1.0,robustness_no_multiplicity_correction,RQ1_secondary_B6_vs_BT,S1_fixed_50pct,BT,B6,censored,4134,19,0.012204426483475988,0.007872661497850068,0.01483076679043872,9.99990000099999e-06,True
pap_benchmark_semisyn_contam100,relative,1.0,robustness_no_multiplicity_correction,RQ1_secondary_B6_vs_BT,S1_fixed_50pct,BT,B6,clean,5788,20,-0.0012122590729256198,-0.0038599319329953486,0.0014836279697255318,0.4227957720422796,False
pap_benchmark_semisyn,none,0.0,robustness_no_multiplicity_correction,RQ1_secondary_B6_vs_BQR,S1_fixed_50pct,BQR,B6,all,9922,20,0.07891864186523394,0.03915009204359763,0.10917331252996147,0.00012999870001299986,True
pap_benchmark_semisyn,none,0.0,robustness_no_multiplicity_correction,RQ1_secondary_B6_vs_BQR,S1_fixed_50pct,BQR,B6,censored,4134,19,0.18110627290291734,0.12218412250439081,0.21353316146503706,9.99990000099999e-06,True
pap_benchmark_semisyn,none,0.0,robustness_no_multiplicity_correction,RQ1_secondary_B6_vs_BQR,S1_fixed_50pct,BQR,B6,clean,5788,20,0.005932521148270694,-0.0034092304989535795,0.015546575591846709,0.36070639293607065,False
pap_benchmark_semisyn_contam100,relative,1.0,robustness_no_multiplicity_correction,RQ1_secondary_B6_vs_BQR,S1_fixed_50pct,BQR,B6,all,9922,20,0.0767691502395084,0.037488928152118677,0.10668373496554683,0.00016999830001699983,True
pap_benchmark_semisyn_contam100,relative,1.0,robustness_no_multiplicity_correction,RQ1_secondary_B6_vs_BQR,S1_fixed_50pct,BQR,B6,censored,4134,19,0.17756473623393226,0.11830310078813007,0.21020504392509912,9.99990000099999e-06,True
pap_benchmark_semisyn_contam100,relative,1.0,robustness_no_multiplicity_correction,RQ1_secondary_B6_vs_BQR,S1_fixed_50pct,BQR,B6,clean,5788,20,0.004777278694769584,-0.0042006638435578185,0.013985409020730208,0.44628553714462854,False
pap_benchmark_semisyn,none,0.0,robustness_no_multiplicity_correction,RQ1_secondary_B6_vs_persistence,S1_fixed_50pct,B0_persistence,B6,all,9922,20,0.13794785845415386,0.09421191961815059,0.1702883783628704,9.99990000099999e-06,True
pap_benchmark_semisyn,none,0.0,robustness_no_multiplicity_correction,RQ1_secondary_B6_vs_persistence,S1_fixed_50pct,B0_persistence,B6,censored,4134,19,0.25436557296365697,0.17962301142260578,0.29558606855960445,9.99990000099999e-06,True
pap_benchmark_semisyn,none,0.0,robustness_no_multiplicity_correction,RQ1_secondary_B6_vs_persistence,S1_fixed_50pct,B0_persistence,B6,clean,5788,20,0.054798094842839734,0.04917699706862594,0.06011512315421297,9.99990000099999e-06,True
pap_benchmark_semisyn_contam100,relative,1.0,robustness_no_multiplicity_correction,RQ1_secondary_B6_vs_persistence,S1_fixed_50pct,B0_persistence,B6,all,9922,20,0.13844896798934264,0.09431527888238285,0.17107281655735898,9.99990000099999e-06,True
pap_benchmark_semisyn_contam100,relative,1.0,robustness_no_multiplicity_correction,RQ1_secondary_B6_vs_persistence,S1_fixed_50pct,B0_persistence,B6,censored,4134,19,0.2563944076813521,0.1813895785231119,0.29780501541470317,9.99990000099999e-06,True
pap_benchmark_semisyn_contam100,relative,1.0,robustness_no_multiplicity_correction,RQ1_secondary_B6_vs_persistence,S1_fixed_50pct,B0_persistence,B6,clean,5788,20,0.054208047518235686,0.04844006690793387,0.059626941374178184,9.99990000099999e-06,True
pap_benchmark_semisyn,none,0.0,robustness_no_multiplicity_correction,oracle_gap_report_not_confirmatory,S1_fixed_50pct,B6,ORACLE,all,9922,20,0.0005546651213195021,0.00017800306548866867,0.0009183864944306871,0.017199828001719982,True
pap_benchmark_semisyn,none,0.0,robustness_no_multiplicity_correction,oracle_gap_report_not_confirmatory,S1_fixed_50pct,B6,ORACLE,censored,4134,19,-0.00010608863826691497,-0.0009424049571860569,0.0005120973523367382,0.7767222327776723,False
pap_benchmark_semisyn,none,0.0,robustness_no_multiplicity_correction,oracle_gap_report_not_confirmatory,S1_fixed_50pct,B6,ORACLE,clean,5788,20,0.0010265994755230695,0.0005734161728322019,0.001527203798274952,0.0001999980000199998,True
pap_benchmark_semisyn_contam100,relative,1.0,robustness_no_multiplicity_correction,oracle_gap_report_not_confirmatory,S1_fixed_50pct,B6,ORACLE,all,9922,20,-9.581768103646004e-05,-0.0004966691179645318,0.0003861128467653091,0.6720732792672073,False
pap_benchmark_semisyn_contam100,relative,1.0,robustness_no_multiplicity_correction,oracle_gap_report_not_confirmatory,S1_fixed_50pct,B6,ORACLE,censored,4134,19,-0.002316810617533823,-0.0032585298464654303,-0.0016103791991266408,0.0018299817001829982,False
pap_benchmark_semisyn_contam100,relative,1.0,robustness_no_multiplicity_correction,oracle_gap_report_not_confirmatory,S1_fixed_50pct,B6,ORACLE,clean,5788,20,0.0014904962096822852,0.0010750346375110033,0.0020008822324805897,4.999950000499995e-05,True
pap_benchmark_semisyn,none,0.0,robustness_no_multiplicity_correction,RQ1_control_inputs_B4_vs_B4plain,S2_fixed_70pct,B4_plain,B4,all,9922,20,0.004598126572483016,0.00105773449634756,0.007078507074687147,0.03974960250397496,True
pap_benchmark_semisyn,none,0.0,robustness_no_multiplicity_correction,RQ1_control_inputs_B4_vs_B4plain,S2_fixed_70pct,B4_plain,B4,censored,2998,16,0.010696389687510383,0.004286097609827945,0.013966804399990134,0.05267333984375,True
pap_benchmark_semisyn,none,0.0,robustness_no_multiplicity_correction,RQ1_control_inputs_B4_vs_B4plain,S2_fixed_70pct,B4_plain,B4,clean,6924,20,0.001957659672013339,0.00016850876941083918,0.0036741590292984137,0.06734932650673493,True
pap_benchmark_semisyn_contam100,relative,1.0,robustness_no_multiplicity_correction,RQ1_control_inputs_B4_vs_B4plain,S2_fixed_70pct,B4_plain,B4,all,9922,20,0.002949296607577907,0.0003829520344222831,0.004698074779051996,0.022639773602263977,True
pap_benchmark_semisyn_contam100,relative,1.0,robustness_no_multiplicity_correction,RQ1_control_inputs_B4_vs_B4plain,S2_fixed_70pct,B4_plain,B4,censored,2998,16,0.0051057161906208496,-0.0008374427338346924,0.0072651670062806074,0.234832763671875,False
pap_benchmark_semisyn_contam100,relative,1.0,robustness_no_multiplicity_correction,RQ1_control_inputs_B4_vs_B4plain,S2_fixed_70pct,B4_plain,B4,clean,6924,20,0.0020155955807202035,0.0006657545710222935,0.003279442036348819,0.0018299817001829982,True
pap_benchmark_semisyn,none,0.0,robustness_no_multiplicity_correction,RQ1_censored_likelihood_primary,S2_fixed_70pct,B4,B6,all,9922,20,0.03975921875309211,0.01894198131152898,0.055745143053204146,6.999930000699993e-05,True
pap_benchmark_semisyn,none,0.0,robustness_no_multiplicity_correction,RQ1_censored_likelihood_primary,S2_fixed_70pct,B4,B6,censored,2998,16,0.12868604197190467,0.10219127209999922,0.1406983868350393,6.103515625e-05,True
pap_benchmark_semisyn,none,0.0,robustness_no_multiplicity_correction,RQ1_censored_likelihood_primary,S2_fixed_70pct,B4,B6,clean,6924,20,0.0012550858804751092,-0.0020362926898895234,0.0042066881569203405,0.4960750392496075,False
pap_benchmark_semisyn_contam100,relative,1.0,robustness_no_multiplicity_correction,RQ1_censored_likelihood_primary,S2_fixed_70pct,B4,B6,all,9922,20,0.04060148294154407,0.0191059850650684,0.057102434519323,0.00026999730002699973,True
pap_benchmark_semisyn_contam100,relative,1.0,robustness_no_multiplicity_correction,RQ1_censored_likelihood_primary,S2_fixed_70pct,B4,B6,censored,2998,16,0.1339356869835813,0.10877480579863585,0.14524348188824315,3.0517578125e-05,True
pap_benchmark_semisyn_contam100,relative,1.0,robustness_no_multiplicity_correction,RQ1_censored_likelihood_primary,S2_fixed_70pct,B4,B6,clean,6924,20,0.00018901273385666824,-0.0037634520190836435,0.0035454401491153936,0.9262507374926251,False
pap_benchmark_semisyn,none,0.0,robustness_no_multiplicity_correction,RQ1_censored_likelihood_primary,S2_fixed_70pct,B4,BT,all,9922,20,0.035885210351995385,0.018084114607550477,0.0496894879621689,3.999960000399996e-05,True
pap_benchmark_semisyn,none,0.0,robustness_no_multiplicity_correction,RQ1_censored_likelihood_primary,S2_fixed_70pct,B4,BT,censored,2998,16,0.11326283414113776,0.08943176662271939,0.1244290375946131,0.0001220703125,True
pap_benchmark_semisyn,none,0.0,robustness_no_multiplicity_correction,RQ1_censored_likelihood_primary,S2_fixed_70pct,B4,BT,clean,6924,20,0.0023817273768583437,0.0007509374935191568,0.003971058051944201,0.023609763902360976,True
pap_benchmark_semisyn_contam100,relative,1.0,robustness_no_multiplicity_correction,RQ1_censored_likelihood_primary,S2_fixed_70pct,B4,BT,all,9922,20,0.037352755282744315,0.018199078361540322,0.052039997879688785,0.00014999850001499985,True
pap_benchmark_semisyn_contam100,relative,1.0,robustness_no_multiplicity_correction,RQ1_censored_likelihood_primary,S2_fixed_70pct,B4,BT,censored,2998,16,0.11939670348153503,0.0964855874259881,0.12997742564490228,6.103515625e-05,True
pap_benchmark_semisyn_contam100,relative,1.0,robustness_no_multiplicity_correction,RQ1_censored_likelihood_primary,S2_fixed_70pct,B4,BT,clean,6924,20,0.0018288158402292103,-0.00047905711130670725,0.0037362377501762903,0.16392836071639283,False
pap_benchmark_semisyn,none,0.0,robustness_no_multiplicity_correction,RQ1_censored_likelihood_primary,S2_fixed_70pct,B1,B6,all,9922,20,0.01381536517988735,0.007524083494966443,0.018705943636698582,0.0007099929000709993,True
pap_benchmark_semisyn,none,0.0,robustness_no_multiplicity_correction,RQ1_censored_likelihood_primary,S2_fixed_70pct,B1,B6,censored,2998,16,0.05316629315272292,0.046832368478405446,0.06525280301366172,3.0517578125e-05,True
pap_benchmark_semisyn,none,0.0,robustness_no_multiplicity_correction,RQ1_censored_likelihood_primary,S2_fixed_70pct,B1,B6,clean,6924,20,-0.0032230637719556643,-0.005995899776580004,-0.0011399244226668879,0.006999930000699993,False
pap_benchmark_semisyn_contam100,relative,1.0,robustness_no_multiplicity_correction,RQ1_censored_likelihood_primary,S2_fixed_70pct,B1,B6,all,9922,20,0.016817457131669565,0.00885574796475624,0.023082954708436236,0.0007699923000769992,True
pap_benchmark_semisyn_contam100,relative,1.0,robustness_no_multiplicity_correction,RQ1_censored_likelihood_primary,S2_fixed_70pct,B1,B6,censored,2998,16,0.0642937782239026,0.057093699659437204,0.07592467941958067,3.0517578125e-05,True
pap_benchmark_semisyn_contam100,relative,1.0,robustness_no_multiplicity_correction,RQ1_censored_likelihood_primary,S2_fixed_70pct,B1,B6,clean,6924,20,-0.0037391590778212856,-0.007085054503027113,-0.0012019351415639976,0.00952990470095299,False
pap_benchmark_semisyn,none,0.0,robustness_no_multiplicity_correction,RQ1_secondary_B6_vs_BT,S2_fixed_70pct,BT,B6,all,9922,20,0.0038740084010967265,4.7179801477474615e-05,0.006975713474988735,0.14109858901410985,True
pap_benchmark_semisyn,none,0.0,robustness_no_multiplicity_correction,RQ1_secondary_B6_vs_BT,S2_fixed_70pct,BT,B6,censored,2998,16,0.015423207830766922,0.012119657290201601,0.017038142660977428,3.0517578125e-05,True
pap_benchmark_semisyn,none,0.0,robustness_no_multiplicity_correction,RQ1_secondary_B6_vs_BT,S2_fixed_70pct,BT,B6,clean,6924,20,-0.001126641496383235,-0.003638801662676418,0.0015007491118707193,0.4187558124418756,False
pap_benchmark_semisyn_contam100,relative,1.0,robustness_no_multiplicity_correction,RQ1_secondary_B6_vs_BT,S2_fixed_70pct,BT,B6,all,9922,20,0.0032487276587997594,2.0484524103354458e-05,0.005988064318910276,0.14686853131468686,True
pap_benchmark_semisyn_contam100,relative,1.0,robustness_no_multiplicity_correction,RQ1_secondary_B6_vs_BT,S2_fixed_70pct,BT,B6,censored,2998,16,0.014538983502046262,0.01123744448425803,0.016128718572101346,3.0517578125e-05,True
pap_benchmark_semisyn_contam100,relative,1.0,robustness_no_multiplicity_correction,RQ1_secondary_B6_vs_BT,S2_fixed_70pct,BT,B6,clean,6924,20,-0.0016398031063725425,-0.0037022177842577315,0.0004914907621518472,0.13689863101368988,False
pap_benchmark_semisyn,none,0.0,robustness_no_multiplicity_correction,RQ1_secondary_B6_vs_BQR,S2_fixed_70pct,BQR,B6,all,9922,20,0.029902227124925032,0.01194138934408769,0.04350921281773437,0.0013299867001329987,True
pap_benchmark_semisyn,none,0.0,robustness_no_multiplicity_correction,RQ1_secondary_B6_vs_BQR,S2_fixed_70pct,BQR,B6,censored,2998,16,0.10226609999130046,0.0818035946710356,0.11193651153651368,3.0517578125e-05,True
pap_benchmark_semisyn,none,0.0,robustness_no_multiplicity_correction,RQ1_secondary_B6_vs_BQR,S2_fixed_70pct,BQR,B6,clean,6924,20,-0.0014303683189504123,-0.005644674121617657,0.0026966532279213426,0.5351346486535135,False
pap_benchmark_semisyn_contam100,relative,1.0,robustness_no_multiplicity_correction,RQ1_secondary_B6_vs_BQR,S2_fixed_70pct,BQR,B6,all,9922,20,0.03159775039587265,0.012103208625040072,0.04622917692804449,0.0017299827001729983,True
pap_benchmark_semisyn_contam100,relative,1.0,robustness_no_multiplicity_correction,RQ1_secondary_B6_vs_BQR,S2_fixed_70pct,BQR,B6,censored,2998,16,0.10992664478116887,0.08759311686116422,0.12030233287468374,3.0517578125e-05,True
pap_benchmark_semisyn_contam100,relative,1.0,robustness_no_multiplicity_correction,RQ1_secondary_B6_vs_BQR,S2_fixed_70pct,BQR,B6,clean,6924,20,-0.0023176201077550434,-0.006914680311171369,0.0021367766593215548,0.3359566404335957,False
pap_benchmark_semisyn,none,0.0,robustness_no_multiplicity_correction,RQ1_secondary_B6_vs_persistence,S2_fixed_70pct,B0_persistence,B6,all,9922,20,0.08709151756363445,0.0689962224580827,0.1011252153173756,9.99990000099999e-06,True
pap_benchmark_semisyn,none,0.0,robustness_no_multiplicity_correction,RQ1_secondary_B6_vs_persistence,S2_fixed_70pct,B0_persistence,B6,censored,2998,16,0.16604050741778853,0.13249594281475569,0.1808580876827301,3.0517578125e-05,True
pap_benchmark_semisyn,none,0.0,robustness_no_multiplicity_correction,RQ1_secondary_B6_vs_persistence,S2_fixed_70pct,B0_persistence,B6,clean,6924,20,0.05290765396127254,0.048441945075059056,0.05762470553134912,1.999980000199998e-05,True
pap_benchmark_semisyn_contam100,relative,1.0,robustness_no_multiplicity_correction,RQ1_secondary_B6_vs_persistence,S2_fixed_70pct,B0_persistence,B6,all,9922,20,0.08720459326582357,0.0687609637203592,0.10146167100191049,9.99990000099999e-06,True
pap_benchmark_semisyn_contam100,relative,1.0,robustness_no_multiplicity_correction,RQ1_secondary_B6_vs_persistence,S2_fixed_70pct,B0_persistence,B6,censored,2998,16,0.16853312379939964,0.13557662816662316,0.18312090543143167,3.0517578125e-05,True
pap_benchmark_semisyn_contam100,relative,1.0,robustness_no_multiplicity_correction,RQ1_secondary_B6_vs_persistence,S2_fixed_70pct,B0_persistence,B6,clean,6924,20,0.05199042016650797,0.047284155934536276,0.05688429645273947,1.999980000199998e-05,True
pap_benchmark_semisyn,none,0.0,robustness_no_multiplicity_correction,oracle_gap_report_not_confirmatory,S2_fixed_70pct,B6,ORACLE,all,9922,20,-0.0008425137188700094,-0.0014371140940224317,-8.0168029690647e-05,0.07639923600763993,False
pap_benchmark_semisyn,none,0.0,robustness_no_multiplicity_correction,oracle_gap_report_not_confirmatory,S2_fixed_70pct,B6,ORACLE,censored,2998,16,-0.004696486674633133,-0.005926833370580183,-0.004061835243934243,3.0517578125e-05,False
pap_benchmark_semisyn,none,0.0,robustness_no_multiplicity_correction,oracle_gap_report_not_confirmatory,S2_fixed_70pct,B6,ORACLE,clean,6924,20,0.0008262053627847919,0.00021182064830052585,0.0015996172837017257,0.011649883501164988,True
pap_benchmark_semisyn_contam100,relative,1.0,robustness_no_multiplicity_correction,oracle_gap_report_not_confirmatory,S2_fixed_70pct,B6,ORACLE,all,9922,20,-0.00035358686152169044,-0.0007090968993586803,7.191837916282715e-05,0.15379846201537983,False
pap_benchmark_semisyn_contam100,relative,1.0,robustness_no_multiplicity_correction,oracle_gap_report_not_confirmatory,S2_fixed_70pct,B6,ORACLE,censored,2998,16,-0.0030555681604457112,-0.0038248969118099252,-0.002534947615964755,0.00030517578125,False
pap_benchmark_semisyn_contam100,relative,1.0,robustness_no_multiplicity_correction,oracle_gap_report_not_confirmatory,S2_fixed_70pct,B6,ORACLE,clean,6924,20,0.0008163351393700214,0.00036141906103822415,0.0013313439458172084,0.003239967600323997,True
pap_benchmark_semisyn,none,0.0,robustness_no_multiplicity_correction,RQ1_control_inputs_B4_vs_B4plain,S3_fixed_85pct,B4_plain,B4,all,9922,20,-0.0023136033467082823,-0.0035810463544912077,-0.0009755118782595923,0.00933990660093399,False
pap_benchmark_semisyn,none,0.0,robustness_no_multiplicity_correction,RQ1_control_inputs_B4_vs_B4plain,S3_fixed_85pct,B4_plain,B4,censored,2211,15,-0.015173242168778184,-0.016164676101042035,-0.012843100079672404,0.0001220703125,False
pap_benchmark_semisyn,none,0.0,robustness_no_multiplicity_correction,RQ1_control_inputs_B4_vs_B4plain,S3_fixed_85pct,B4_plain,B4,clean,7711,20,0.0013736825352261694,-7.509522797403674e-05,0.0028198826452726874,0.12290877091229088,False
pap_benchmark_semisyn_contam100,relative,1.0,robustness_no_multiplicity_correction,RQ1_control_inputs_B4_vs_B4plain,S3_fixed_85pct,B4_plain,B4,all,9922,20,-0.002318589981052404,-0.0036111936633081137,-0.0007949743000148635,0.024229757702422975,False
pap_benchmark_semisyn_contam100,relative,1.0,robustness_no_multiplicity_correction,RQ1_control_inputs_B4_vs_B4plain,S3_fixed_85pct,B4_plain,B4,censored,2211,15,-0.013896449489164332,-0.01722530169742786,-0.01045624903584865,0.000244140625,False
pap_benchmark_semisyn_contam100,relative,1.0,robustness_no_multiplicity_correction,RQ1_control_inputs_B4_vs_B4plain,S3_fixed_85pct,B4_plain,B4,clean,7711,20,0.001001167167493241,-8.63950390236866e-05,0.0018857442615162238,0.1001189988100119,False
pap_benchmark_semisyn,none,0.0,robustness_no_multiplicity_correction,RQ1_censored_likelihood_primary,S3_fixed_85pct,B4,B6,all,9922,20,0.015438575805872141,0.0064255842764848,0.02232792027405722,0.003029969700302997,True
pap_benchmark_semisyn,none,0.0,robustness_no_multiplicity_correction,RQ1_censored_likelihood_primary,S3_fixed_85pct,B4,B6,censored,2211,15,0.0725492565851357,0.059868315912043994,0.078043597033276,6.103515625e-05,True
pap_benchmark_semisyn,none,0.0,robustness_no_multiplicity_correction,RQ1_censored_likelihood_primary,S3_fixed_85pct,B4,B6,clean,7711,20,-0.0009369546315486498,-0.0025722851718795506,0.00040483200961644245,0.26821731782682173,False
pap_benchmark_semisyn_contam100,relative,1.0,robustness_no_multiplicity_correction,RQ1_censored_likelihood_primary,S3_fixed_85pct,B4,B6,all,9922,20,0.014965505173560415,0.006322888123002019,0.02159452897723242,0.0016199838001619985,True
pap_benchmark_semisyn_contam100,relative,1.0,robustness_no_multiplicity_correction,RQ1_censored_likelihood_primary,S3_fixed_85pct,B4,B6,censored,2211,15,0.06899332423525521,0.05626378756348843,0.07452156674753672,6.103515625e-05,True
pap_benchmark_semisyn_contam100,relative,1.0,robustness_no_multiplicity_correction,RQ1_censored_likelihood_primary,S3_fixed_85pct,B4,B6,clean,7711,20,-0.000526066340563205,-0.0019472205648442432,0.0006936177020243869,0.4742052579474205,False
pap_benchmark_semisyn,none,0.0,robustness_no_multiplicity_correction,RQ1_censored_likelihood_primary,S3_fixed_85pct,B4,BT,all,9922,20,0.013333622851931185,0.005895887885723877,0.018641744756092534,0.0016499835001649984,True
pap_benchmark_semisyn,none,0.0,robustness_no_multiplicity_correction,RQ1_censored_likelihood_primary,S3_fixed_85pct,B4,BT,censored,2211,15,0.062102945832630825,0.05346859869583268,0.06682072440105957,6.103515625e-05,True
pap_benchmark_semisyn,none,0.0,robustness_no_multiplicity_correction,RQ1_censored_likelihood_primary,S3_fixed_85pct,B4,BT,clean,7711,20,-0.0006501630526631462,-0.00224121848467507,0.0010914279619709455,0.47623523764762354,False
pap_benchmark_semisyn_contam100,relative,1.0,robustness_no_multiplicity_correction,RQ1_censored_likelihood_primary,S3_fixed_85pct,B4,BT,all,9922,20,0.012783655244929817,0.005798073544760558,0.017832910187739623,0.0013699863001369987,True
pap_benchmark_semisyn_contam100,relative,1.0,robustness_no_multiplicity_correction,RQ1_censored_likelihood_primary,S3_fixed_85pct,B4,BT,censored,2211,15,0.0600481413795951,0.051357192961976,0.06466056448430275,0.0001220703125,True
pap_benchmark_semisyn_contam100,relative,1.0,robustness_no_multiplicity_correction,RQ1_censored_likelihood_primary,S3_fixed_85pct,B4,BT,clean,7711,20,-0.000768643917791611,-0.0024350090764046744,0.0010771281519628031,0.4323056769432306,False
pap_benchmark_semisyn,none,0.0,robustness_no_multiplicity_correction,RQ1_censored_likelihood_primary,S3_fixed_85pct,B1,B6,all,9922,20,0.009259718190437466,0.003659384504731151,0.013449518785154324,0.0041599584004159956,True
pap_benchmark_semisyn,none,0.0,robustness_no_multiplicity_correction,RQ1_censored_likelihood_primary,S3_fixed_85pct,B1,B6,censored,2211,15,0.04956392176526803,0.04304721227493505,0.056058207566913106,6.103515625e-05,True
pap_benchmark_semisyn,none,0.0,robustness_no_multiplicity_correction,RQ1_censored_likelihood_primary,S3_fixed_85pct,B1,B6,clean,7711,20,-0.002296836614899116,-0.004238608656976495,-0.0007513397918121992,0.009089909100908991,False
pap_benchmark_semisyn_contam100,relative,1.0,robustness_no_multiplicity_correction,RQ1_censored_likelihood_primary,S3_fixed_85pct,B1,B6,all,9922,20,0.010364362827987096,0.004277839422072922,0.014942195102460452,0.002299977000229998,True
pap_benchmark_semisyn_contam100,relative,1.0,robustness_no_multiplicity_correction,RQ1_censored_likelihood_primary,S3_fixed_85pct,B1,B6,censored,2211,15,0.05364251602040911,0.04622040010515626,0.05969397492138648,6.103515625e-05,True
pap_benchmark_semisyn_contam100,relative,1.0,robustness_no_multiplicity_correction,RQ1_censored_likelihood_primary,S3_fixed_85pct,B1,B6,clean,7711,20,-0.002044922181537621,-0.003916655383103073,-0.0005249154379296773,0.018579814201857982,False
pap_benchmark_semisyn,none,0.0,robustness_no_multiplicity_correction,RQ1_secondary_B6_vs_BT,S3_fixed_85pct,BT,B6,all,9922,20,0.002104952953940956,-0.0004558029436365287,0.004212937115289775,0.2105578944210558,False
pap_benchmark_semisyn,none,0.0,robustness_no_multiplicity_correction,RQ1_secondary_B6_vs_BT,S3_fixed_85pct,BT,B6,censored,2211,15,0.010446310752504878,0.007081383851908327,0.011718188670008347,0.00274658203125,True
pap_benchmark_semisyn,none,0.0,robustness_no_multiplicity_correction,RQ1_secondary_B6_vs_BT,S3_fixed_85pct,BT,B6,clean,7711,20,-0.00028679157888550366,-0.0018626612388720843,0.0013676803423985826,0.7695623043769563,False
pap_benchmark_semisyn_contam100,relative,1.0,robustness_no_multiplicity_correction,RQ1_secondary_B6_vs_BT,S3_fixed_85pct,BT,B6,all,9922,20,0.0021818499286305948,-0.00030997316341469986,0.004226693363927586,0.1942180578194218,False
pap_benchmark_semisyn_contam100,relative,1.0,robustness_no_multiplicity_correction,RQ1_secondary_B6_vs_BT,S3_fixed_85pct,BT,B6,censored,2211,15,0.008945182855660117,0.0053821268161564455,0.010484905718013703,0.0108642578125,True
pap_benchmark_semisyn_contam100,relative,1.0,robustness_no_multiplicity_correction,RQ1_secondary_B6_vs_BT,S3_fixed_85pct,BT,B6,clean,7711,20,0.00024257757722840608,-0.0012702032906494213,0.0018800345051417056,0.8300416995830042,False
pap_benchmark_semisyn,none,0.0,robustness_no_multiplicity_correction,RQ1_secondary_B6_vs_BQR,S3_fixed_85pct,BQR,B6,all,9922,20,0.008308073312820966,0.0020438848363038735,0.01329611418623247,0.03413965860341397,True
pap_benchmark_semisyn,none,0.0,robustness_no_multiplicity_correction,RQ1_secondary_B6_vs_BQR,S3_fixed_85pct,BQR,B6,censored,2211,15,0.047142396486321764,0.04035574587574917,0.050004056752172406,0.00018310546875,True
pap_benchmark_semisyn,none,0.0,robustness_no_multiplicity_correction,RQ1_secondary_B6_vs_BQR,S3_fixed_85pct,BQR,B6,clean,7711,20,-0.0028270179252299047,-0.0050427119212181825,-0.0009070547441901627,0.007759922400775992,False
pap_benchmark_semisyn_contam100,relative,1.0,robustness_no_multiplicity_correction,RQ1_secondary_B6_vs_BQR,S3_fixed_85pct,BQR,B6,all,9922,20,0.010278222520428888,0.002839625327732746,0.01609505076441234,0.02049979500204998,True
pap_benchmark_semisyn_contam100,relative,1.0,robustness_no_multiplicity_correction,RQ1_secondary_B6_vs_BQR,S3_fixed_85pct,BQR,B6,censored,2211,15,0.05492188481391588,0.04748199303882566,0.058042052875867736,0.00018310546875,True
pap_benchmark_semisyn_contam100,relative,1.0,robustness_no_multiplicity_correction,RQ1_secondary_B6_vs_BQR,S3_fixed_85pct,BQR,B6,clean,7711,20,-0.002522599335478223,-0.005010048370227272,-0.0003277683296787661,0.04084959150408496,False
pap_benchmark_semisyn,none,0.0,robustness_no_multiplicity_correction,RQ1_secondary_B6_vs_persistence,S3_fixed_85pct,B0_persistence,B6,all,9922,20,0.06237839754492328,0.057466525352871736,0.06676310944606083,9.99990000099999e-06,True
pap_benchmark_semisyn,none,0.0,robustness_no_multiplicity_correction,RQ1_secondary_B6_vs_persistence,S3_fixed_85pct,B0_persistence,B6,censored,2211,15,0.09271676176691394,0.0783482398789365,0.09894925030617914,0.0001220703125,True
pap_benchmark_semisyn,none,0.0,robustness_no_multiplicity_correction,RQ1_secondary_B6_vs_persistence,S3_fixed_85pct,B0_persistence,B6,clean,7711,20,0.053679380128917396,0.04857365831738805,0.05975792047486399,1.999980000199998e-05,True
pap_benchmark_semisyn_contam100,relative,1.0,robustness_no_multiplicity_correction,RQ1_secondary_B6_vs_persistence,S3_fixed_85pct,B0_persistence,B6,all,9922,20,0.06208943735686673,0.05721327994289272,0.0665710036912689,9.99990000099999e-06,True
pap_benchmark_semisyn_contam100,relative,1.0,robustness_no_multiplicity_correction,RQ1_secondary_B6_vs_persistence,S3_fixed_85pct,B0_persistence,B6,censored,2211,15,0.09074623177362136,0.0760112876482125,0.0971387909546056,0.0001220703125,True
pap_benchmark_semisyn_contam100,relative,1.0,robustness_no_multiplicity_correction,RQ1_secondary_B6_vs_persistence,S3_fixed_85pct,B0_persistence,B6,clean,7711,20,0.05387258189642782,0.04869296839383576,0.060113995565905826,1.999980000199998e-05,True
pap_benchmark_semisyn,none,0.0,robustness_no_multiplicity_correction,oracle_gap_report_not_confirmatory,S3_fixed_85pct,B6,ORACLE,all,9922,20,-0.0001178877360169262,-0.000352930582180369,0.00017184295161123131,0.46266537334626656,False
pap_benchmark_semisyn,none,0.0,robustness_no_multiplicity_correction,oracle_gap_report_not_confirmatory,S3_fixed_85pct,B6,ORACLE,censored,2211,15,-0.002844594629318843,-0.0036249286650783825,-0.0024542089722353233,0.00042724609375,False
pap_benchmark_semisyn,none,0.0,robustness_no_multiplicity_correction,oracle_gap_report_not_confirmatory,S3_fixed_85pct,B6,ORACLE,clean,7711,20,0.0006639497612065905,0.00041257365270983806,0.000950726922051545,0.00012999870001299986,True
pap_benchmark_semisyn_contam100,relative,1.0,robustness_no_multiplicity_correction,oracle_gap_report_not_confirmatory,S3_fixed_85pct,B6,ORACLE,all,9922,20,-2.4174793683085575e-05,-0.00024585350832023696,0.00017509202857141827,0.8479015209847901,False
pap_benchmark_semisyn_contam100,relative,1.0,robustness_no_multiplicity_correction,oracle_gap_report_not_confirmatory,S3_fixed_85pct,B6,ORACLE,censored,2211,15,-0.0008997311082903221,-0.00146829184509624,-0.0005578240978268002,0.00616455078125,False
pap_benchmark_semisyn_contam100,relative,1.0,robustness_no_multiplicity_correction,oracle_gap_report_not_confirmatory,S3_fixed_85pct,B6,ORACLE,clean,7711,20,0.00022687630365793372,-7.718215392852728e-05,0.0005069432411384776,0.17456825431745682,False
pap_benchmark_semisyn,none,0.0,robustness_no_multiplicity_correction,RQ1_control_inputs_B4_vs_B4plain,S4_random_uniform,B4_plain,B4,all,9922,20,-0.0006771527251577488,-0.003646418158298878,0.002077679944526641,0.6540934590654094,False
pap_benchmark_semisyn,none,0.0,robustness_no_multiplicity_correction,RQ1_control_inputs_B4_vs_B4plain,S4_random_uniform,B4_plain,B4,censored,3551,18,-0.00790785139484813,-0.012984695613015641,-0.002156848361756245,0.01907980920190798,False
pap_benchmark_semisyn,none,0.0,robustness_no_multiplicity_correction,RQ1_control_inputs_B4_vs_B4plain,S4_random_uniform,B4_plain,B4,clean,6371,20,0.0033530169461765073,0.0006528513687848813,0.006393440675322722,0.02854971450285497,True
pap_benchmark_semisyn_contam100,relative,1.0,robustness_no_multiplicity_correction,RQ1_control_inputs_B4_vs_B4plain,S4_random_uniform,B4_plain,B4,all,9922,20,0.0035228514059780346,0.0003541720974534955,0.006380529686232307,0.06078939210607894,True
pap_benchmark_semisyn_contam100,relative,1.0,robustness_no_multiplicity_correction,RQ1_control_inputs_B4_vs_B4plain,S4_random_uniform,B4_plain,B4,censored,3551,18,0.002970348712674785,-0.0010735331931226526,0.006159380694703607,0.25147748522514773,False
pap_benchmark_semisyn_contam100,relative,1.0,robustness_no_multiplicity_correction,RQ1_control_inputs_B4_vs_B4plain,S4_random_uniform,B4_plain,B4,clean,6371,20,0.0038307994618436503,0.0007946186464868331,0.0072716941400764986,0.02157978420215798,True
pap_benchmark_semisyn,none,0.0,robustness_no_multiplicity_correction,RQ1_censored_likelihood_primary,S4_random_uniform,B4,B6,all,9922,20,0.043611461793145165,0.0199400277432648,0.06483435321141079,0.00026999730002699973,True
pap_benchmark_semisyn,none,0.0,robustness_no_multiplicity_correction,RQ1_censored_likelihood_primary,S4_random_uniform,B4,B6,censored,3551,18,0.11905877121567611,0.07557364502515602,0.15289556139933375,3.999960000399996e-05,True
pap_benchmark_semisyn,none,0.0,robustness_no_multiplicity_correction,RQ1_censored_likelihood_primary,S4_random_uniform,B4,B6,clean,6371,20,0.0015594455069409003,-0.004721272826272935,0.007431840487535622,0.6587734122658774,False
pap_benchmark_semisyn_contam100,relative,1.0,robustness_no_multiplicity_correction,RQ1_censored_likelihood_primary,S4_random_uniform,B4,B6,all,9922,20,0.03845336776034524,0.017374880524263055,0.058337466586167765,0.0002599974000259997,True
pap_benchmark_semisyn_contam100,relative,1.0,robustness_no_multiplicity_correction,RQ1_censored_likelihood_primary,S4_random_uniform,B4,B6,censored,3551,18,0.1039074144863805,0.06335217974149471,0.137141119808988,7.999920000799993e-05,True
pap_benchmark_semisyn_contam100,relative,1.0,robustness_no_multiplicity_correction,RQ1_censored_likelihood_primary,S4_random_uniform,B4,B6,clean,6371,20,0.0019712896055577465,-0.0032341558307804425,0.006772373235591694,0.5027749722502775,False
pap_benchmark_semisyn,none,0.0,robustness_no_multiplicity_correction,RQ1_censored_likelihood_primary,S4_random_uniform,B4,BT,all,9922,20,0.040361272680860955,0.019978624383876986,0.05906572598273932,0.00015999840001599985,True
pap_benchmark_semisyn,none,0.0,robustness_no_multiplicity_correction,RQ1_censored_likelihood_primary,S4_random_uniform,B4,BT,censored,3551,18,0.10739463277819945,0.06976838050758206,0.13849828293611452,2.999970000299997e-05,True
pap_benchmark_semisyn,none,0.0,robustness_no_multiplicity_correction,RQ1_censored_likelihood_primary,S4_random_uniform,B4,BT,clean,6371,20,0.002998933690804604,-0.0014526949468307868,0.006766220338617416,0.25697743022569774,False
pap_benchmark_semisyn_contam100,relative,1.0,robustness_no_multiplicity_correction,RQ1_censored_likelihood_primary,S4_random_uniform,B4,BT,all,9922,20,0.035719723475605515,0.01725601452742521,0.053580095130607706,0.00016999830001699983,True
pap_benchmark_semisyn_contam100,relative,1.0,robustness_no_multiplicity_correction,RQ1_censored_likelihood_primary,S4_random_uniform,B4,BT,censored,3551,18,0.09612717948527706,0.06013539440181845,0.12717489200380297,5.999940000599994e-05,True
pap_benchmark_semisyn_contam100,relative,1.0,robustness_no_multiplicity_correction,RQ1_censored_likelihood_primary,S4_random_uniform,B4,BT,clean,6371,20,0.0020504602060491444,-0.0015517099744367278,0.005059316675527935,0.3089169108308917,False
pap_benchmark_semisyn,none,0.0,robustness_no_multiplicity_correction,RQ1_censored_likelihood_primary,S4_random_uniform,B1,B6,all,9922,20,0.009022977391150502,0.005575531640855202,0.011878065583511847,0.0020799792002079978,True
pap_benchmark_semisyn,none,0.0,robustness_no_multiplicity_correction,RQ1_censored_likelihood_primary,S4_random_uniform,B1,B6,censored,3551,18,0.03139648282686964,0.025709998638222827,0.039194999049656204,9.99990000099999e-06,True
pap_benchmark_semisyn,none,0.0,robustness_no_multiplicity_correction,RQ1_censored_likelihood_primary,S4_random_uniform,B1,B6,clean,6371,20,-0.0034473283382858004,-0.006086827227088136,-0.0016831843299436782,0.0013399866001339987,False
pap_benchmark_semisyn_contam100,relative,1.0,robustness_no_multiplicity_correction,RQ1_censored_likelihood_primary,S4_random_uniform,B1,B6,all,9922,20,0.00946062395039017,0.0062815060771249966,0.012228994894928808,0.0007899921000789992,True
pap_benchmark_semisyn_contam100,relative,1.0,robustness_no_multiplicity_correction,RQ1_censored_likelihood_primary,S4_random_uniform,B1,B6,censored,3551,18,0.03058824782946649,0.024685412036833117,0.038861429001650204,9.99990000099999e-06,True
pap_benchmark_semisyn_contam100,relative,1.0,robustness_no_multiplicity_correction,RQ1_censored_likelihood_primary,S4_random_uniform,B1,B6,clean,6371,20,-0.0023152656108404077,-0.004825358708391972,-0.0006358503812474459,0.017649823501764982,False
pap_benchmark_semisyn,none,0.0,robustness_no_multiplicity_correction,RQ1_secondary_B6_vs_BT,S4_random_uniform,BT,B6,all,9922,20,0.0032501891122842194,-0.0006466916415999128,0.006162488317145262,0.2132878671213288,False
pap_benchmark_semisyn,none,0.0,robustness_no_multiplicity_correction,RQ1_secondary_B6_vs_BT,S4_random_uniform,BT,B6,censored,3551,18,0.01166413843747668,0.006034555638626237,0.014825615372300796,0.0003099969000309997,True
pap_benchmark_semisyn,none,0.0,robustness_no_multiplicity_correction,RQ1_secondary_B6_vs_BT,S4_random_uniform,BT,B6,clean,6371,20,-0.0014394881838637056,-0.0037876990557948946,0.0009778672019350378,0.26581734182658173,False
pap_benchmark_semisyn_contam100,relative,1.0,robustness_no_multiplicity_correction,RQ1_secondary_B6_vs_BT,S4_random_uniform,BT,B6,all,9922,20,0.0027336442847397334,-0.00048123040096191593,0.005185093564473926,0.21069789302106978,False
pap_benchmark_semisyn_contam100,relative,1.0,robustness_no_multiplicity_correction,RQ1_secondary_B6_vs_BT,S4_random_uniform,BT,B6,censored,3551,18,0.0077802350011034445,0.002800392640445038,0.010543174516815421,0.014009859901400986,True
pap_benchmark_semisyn_contam100,relative,1.0,robustness_no_multiplicity_correction,RQ1_secondary_B6_vs_BT,S4_random_uniform,BT,B6,clean,6371,20,-7.917060049139915e-05,-0.0022317518785715655,0.002036851503974705,0.951690483095169,False
pap_benchmark_semisyn,none,0.0,robustness_no_multiplicity_correction,RQ1_secondary_B6_vs_BQR,S4_random_uniform,BQR,B6,all,9922,20,0.05234870157598612,0.022304214819008333,0.07585623696631323,0.00042999570004299955,True
pap_benchmark_semisyn,none,0.0,robustness_no_multiplicity_correction,RQ1_secondary_B6_vs_BQR,S4_random_uniform,BQR,B6,censored,3551,18,0.14591259724321276,0.09297992506304087,0.18261074923265447,1.999980000199998e-05,True
pap_benchmark_semisyn,none,0.0,robustness_no_multiplicity_correction,RQ1_secondary_B6_vs_BQR,S4_random_uniform,BQR,B6,clean,6371,20,0.00019905575675493103,-0.005853839679378096,0.005992552587359519,0.959380406195938,False
pap_benchmark_semisyn_contam100,relative,1.0,robustness_no_multiplicity_correction,RQ1_secondary_B6_vs_BQR,S4_random_uniform,BQR,B6,all,9922,20,0.05240183420266413,0.023173389995203415,0.07573254925689078,0.0003899961000389996,True
pap_benchmark_semisyn_contam100,relative,1.0,robustness_no_multiplicity_correction,RQ1_secondary_B6_vs_BQR,S4_random_uniform,BQR,B6,censored,3551,18,0.14529726193668085,0.09286464186752169,0.1821503587651249,1.999980000199998e-05,True
pap_benchmark_semisyn_contam100,relative,1.0,robustness_no_multiplicity_correction,RQ1_secondary_B6_vs_BQR,S4_random_uniform,BQR,B6,clean,6371,20,0.0006247719073426337,-0.004813364415885165,0.005726477627598626,0.8396116038839612,False
pap_benchmark_semisyn,none,0.0,robustness_no_multiplicity_correction,RQ1_secondary_B6_vs_persistence,S4_random_uniform,B0_persistence,B6,all,9922,20,0.11392314607146854,0.08088351232120057,0.14505105263053308,9.99990000099999e-06,True
pap_benchmark_semisyn,none,0.0,robustness_no_multiplicity_correction,RQ1_secondary_B6_vs_persistence,S4_random_uniform,B0_persistence,B6,censored,3551,18,0.22299120663178723,0.15703057005985546,0.27411394194387284,9.99990000099999e-06,True
pap_benchmark_semisyn,none,0.0,robustness_no_multiplicity_correction,RQ1_secondary_B6_vs_persistence,S4_random_uniform,B0_persistence,B6,clean,6371,20,0.0531319542570451,0.04724268098085006,0.05841790226500807,9.99990000099999e-06,True
pap_benchmark_semisyn_contam100,relative,1.0,robustness_no_multiplicity_correction,RQ1_secondary_B6_vs_persistence,S4_random_uniform,B0_persistence,B6,all,9922,20,0.1136605250933,0.0811796591103545,0.14439504152614227,9.99990000099999e-06,True
pap_benchmark_semisyn_contam100,relative,1.0,robustness_no_multiplicity_correction,RQ1_secondary_B6_vs_persistence,S4_random_uniform,B0_persistence,B6,censored,3551,18,0.22062564866052917,0.15530490970971944,0.2712954971390696,9.99990000099999e-06,True
pap_benchmark_semisyn_contam100,relative,1.0,robustness_no_multiplicity_correction,RQ1_secondary_B6_vs_persistence,S4_random_uniform,B0_persistence,B6,clean,6371,20,0.05404144586127511,0.04823974876757606,0.059601776896636434,9.99990000099999e-06,True
pap_benchmark_semisyn,none,0.0,robustness_no_multiplicity_correction,oracle_gap_report_not_confirmatory,S4_random_uniform,B6,ORACLE,all,9922,20,0.00035895314452446197,2.702098072838995e-05,0.0008024621840010098,0.06654933450665493,True
pap_benchmark_semisyn,none,0.0,robustness_no_multiplicity_correction,oracle_gap_report_not_confirmatory,S4_random_uniform,B6,ORACLE,censored,3551,18,-0.0009040023316399744,-0.0014443200113443784,-0.0002516772478648656,0.03896961030389696,False
pap_benchmark_semisyn,none,0.0,robustness_no_multiplicity_correction,oracle_gap_report_not_confirmatory,S4_random_uniform,B6,ORACLE,clean,6371,20,0.0010628857918105886,0.0006552653307024636,0.001587998069077138,0.0004099959000409996,True
pap_benchmark_semisyn_contam100,relative,1.0,robustness_no_multiplicity_correction,oracle_gap_report_not_confirmatory,S4_random_uniform,B6,ORACLE,all,9922,20,0.00012108027063778712,-0.00017394982746967255,0.00047544701587547004,0.4682453175468245,False
pap_benchmark_semisyn_contam100,relative,1.0,robustness_no_multiplicity_correction,oracle_gap_report_not_confirmatory,S4_random_uniform,B6,ORACLE,censored,3551,18,-0.0004755770258597089,-0.0010261666105757306,-2.0178938159398402e-05,0.053799462005379946,False
pap_benchmark_semisyn_contam100,relative,1.0,robustness_no_multiplicity_correction,oracle_gap_report_not_confirmatory,S4_random_uniform,B6,ORACLE,clean,6371,20,0.0004536387480922854,0.00013612175598816373,0.0008952756066404838,0.016289837101628984,True
pap_benchmark_semisyn,none,0.0,robustness_no_multiplicity_correction,RQ1_control_inputs_B4_vs_B4plain,S5_wind_triggered,B4_plain,B4,all,9922,20,-0.0010550136106990608,-0.001743434007800421,-0.00016816923878864033,0.05532944670553294,False
pap_benchmark_semisyn,none,0.0,robustness_no_multiplicity_correction,RQ1_control_inputs_B4_vs_B4plain,S5_wind_triggered,B4_plain,B4,censored,3167,15,-0.0026466028266687817,-0.0035534945001282747,-0.0009457011756902515,0.04742431640625,False
pap_benchmark_semisyn,none,0.0,robustness_no_multiplicity_correction,RQ1_control_inputs_B4_vs_B4plain,S5_wind_triggered,B4_plain,B4,clean,6755,20,-0.00030881626843760895,-0.0007395922119061653,0.00011475275319630866,0.21092789072109278,False
pap_benchmark_semisyn_contam100,relative,1.0,robustness_no_multiplicity_correction,RQ1_control_inputs_B4_vs_B4plain,S5_wind_triggered,B4_plain,B4,all,9922,20,-0.0032656969041740974,-0.00478515205951161,-0.0011975397637414874,0.002109978900210998,False
pap_benchmark_semisyn_contam100,relative,1.0,robustness_no_multiplicity_correction,RQ1_control_inputs_B4_vs_B4plain,S5_wind_triggered,B4_plain,B4,censored,3167,15,-0.008236844478663791,-0.009266154342713023,-0.005212079085937202,0.00213623046875,False
pap_benchmark_semisyn_contam100,relative,1.0,robustness_no_multiplicity_correction,RQ1_control_inputs_B4_vs_B4plain,S5_wind_triggered,B4_plain,B4,clean,6755,20,-0.0009350345254311137,-0.0015583896063123537,-0.0003374718424608923,0.007959920400795992,False
pap_benchmark_semisyn,none,0.0,robustness_no_multiplicity_correction,RQ1_censored_likelihood_primary,S5_wind_triggered,B4,B6,all,9922,20,0.04303112599263379,0.01683848979265058,0.06255443570665582,0.00014999850001499985,True
pap_benchmark_semisyn,none,0.0,robustness_no_multiplicity_correction,RQ1_censored_likelihood_primary,S5_wind_triggered,B4,B6,censored,3167,15,0.12248089827754764,0.09272203320479877,0.13377740349005318,6.103515625e-05,True
pap_benchmark_semisyn,none,0.0,robustness_no_multiplicity_correction,RQ1_censored_likelihood_primary,S5_wind_triggered,B4,B6,clean,6755,20,0.005782061769640133,0.0014634711288048728,0.010819442449571932,0.013419865801341987,True
pap_benchmark_semisyn_contam100,relative,1.0,robustness_no_multiplicity_correction,RQ1_censored_likelihood_primary,S5_wind_triggered,B4,B6,all,9922,20,0.041764332434496475,0.016420429984772063,0.060621570678697806,0.0002599974000259997,True
pap_benchmark_semisyn_contam100,relative,1.0,robustness_no_multiplicity_correction,RQ1_censored_likelihood_primary,S5_wind_triggered,B4,B6,censored,3167,15,0.11917703426976778,0.0904640963535399,0.13025471349624806,6.103515625e-05,True
pap_benchmark_semisyn_contam100,relative,1.0,robustness_no_multiplicity_correction,RQ1_censored_likelihood_primary,S5_wind_triggered,B4,B6,clean,6755,20,0.005470324038892577,0.0012684259185122677,0.010390691344754356,0.021229787702122978,True
pap_benchmark_semisyn,none,0.0,robustness_no_multiplicity_correction,RQ1_censored_likelihood_primary,S5_wind_triggered,B4,BT,all,9922,20,0.055708316867368365,0.020128064663440918,0.0823666674455674,0.0004599954000459995,True
pap_benchmark_semisyn,none,0.0,robustness_no_multiplicity_correction,RQ1_censored_likelihood_primary,S5_wind_triggered,B4,BT,censored,3167,15,0.1645016944596387,0.11991645357010769,0.181604433159013,0.000244140625,True
pap_benchmark_semisyn,none,0.0,robustness_no_multiplicity_correction,RQ1_censored_likelihood_primary,S5_wind_triggered,B4,BT,clean,6755,20,0.004701858416632601,0.001165754929028109,0.009322176008382484,0.00997990020099799,True
pap_benchmark_semisyn_contam100,relative,1.0,robustness_no_multiplicity_correction,RQ1_censored_likelihood_primary,S5_wind_triggered,B4,BT,all,9922,20,0.055939897428020025,0.02100450459348922,0.08209611942207226,0.00037999620003799963,True
pap_benchmark_semisyn_contam100,relative,1.0,robustness_no_multiplicity_correction,RQ1_censored_likelihood_primary,S5_wind_triggered,B4,BT,censored,3167,15,0.1638477105649678,0.12254241076722583,0.1800212215804033,6.103515625e-05,True
pap_benchmark_semisyn_contam100,relative,1.0,robustness_no_multiplicity_correction,RQ1_censored_likelihood_primary,S5_wind_triggered,B4,BT,clean,6755,20,0.005348625154931411,0.0016932496698086063,0.009980855360530694,0.006989930100698993,True
pap_benchmark_semisyn,none,0.0,robustness_no_multiplicity_correction,RQ1_censored_likelihood_primary,S5_wind_triggered,B1,B6,all,9922,20,0.004538761228555767,0.0015933865627774256,0.006749549984416888,0.0023999760002399975,True
pap_benchmark_semisyn,none,0.0,robustness_no_multiplicity_correction,RQ1_censored_likelihood_primary,S5_wind_triggered,B1,B6,censored,3167,15,0.014532324442134734,0.013442601934868523,0.014972802509754114,6.103515625e-05,True
pap_benchmark_semisyn,none,0.0,robustness_no_multiplicity_correction,RQ1_censored_likelihood_primary,S5_wind_triggered,B1,B6,clean,6755,20,-0.00014659994056408338,-0.001072583813482439,0.0007263899240444366,0.7579424205757942,False
pap_benchmark_semisyn_contam100,relative,1.0,robustness_no_multiplicity_correction,RQ1_censored_likelihood_primary,S5_wind_triggered,B1,B6,all,9922,20,0.003657575422134629,0.0012249264365283632,0.005509546267311286,0.003739962600373996,True
pap_benchmark_semisyn_contam100,relative,1.0,robustness_no_multiplicity_correction,RQ1_censored_likelihood_primary,S5_wind_triggered,B1,B6,censored,3167,15,0.011879622578188039,0.01137870555741695,0.012103686095033178,6.103515625e-05,True
pap_benchmark_semisyn_contam100,relative,1.0,robustness_no_multiplicity_correction,RQ1_censored_likelihood_primary,S5_wind_triggered,B1,B6,clean,6755,20,-0.00019723188256132073,-0.0010279913154476537,0.0006199369287403511,0.6451535484645153,False
pap_benchmark_semisyn,none,0.0,robustness_no_multiplicity_correction,RQ1_secondary_B6_vs_BT,S5_wind_triggered,BT,B6,all,9922,20,-0.01267719087473458,-0.019068168811561963,-0.0041387978874619195,0.018699813001869982,False
pap_benchmark_semisyn,none,0.0,robustness_no_multiplicity_correction,RQ1_secondary_B6_vs_BT,S5_wind_triggered,BT,B6,censored,3167,15,-0.04202079618209106,-0.048179160713933064,-0.027089460163090485,0.0081787109375,False
pap_benchmark_semisyn,none,0.0,robustness_no_multiplicity_correction,RQ1_secondary_B6_vs_BT,S5_wind_triggered,BT,B6,clean,6755,20,0.0010802033530075315,7.429006964302883e-05,0.0019872554675544746,0.07636923630763692,True
pap_benchmark_semisyn_contam100,relative,1.0,robustness_no_multiplicity_correction,RQ1_secondary_B6_vs_BT,S5_wind_triggered,BT,B6,all,9922,20,-0.01417556499352356,-0.02056202392273242,-0.005526799043063391,0.0012299877001229987,False
pap_benchmark_semisyn_contam100,relative,1.0,robustness_no_multiplicity_correction,RQ1_secondary_B6_vs_BT,S5_wind_triggered,BT,B6,censored,3167,15,-0.044670676295200024,-0.050195489078820946,-0.0313575919164117,0.00140380859375,False
pap_benchmark_semisyn_contam100,relative,1.0,robustness_no_multiplicity_correction,RQ1_secondary_B6_vs_BT,S5_wind_triggered,BT,B6,clean,6755,20,0.00012169888396116651,-0.000692098315913584,0.0009637576798606028,0.7915520844791553,False
pap_benchmark_semisyn,none,0.0,robustness_no_multiplicity_correction,RQ1_secondary_B6_vs_BQR,S5_wind_triggered,BQR,B6,all,9922,20,0.02837965011155892,0.010710733454131347,0.041417399926030565,0.002949970500294997,True
pap_benchmark_semisyn,none,0.0,robustness_no_multiplicity_correction,RQ1_secondary_B6_vs_BQR,S5_wind_triggered,BQR,B6,censored,3167,15,0.08349689408562745,0.06530714696151294,0.09056469680244493,6.103515625e-05,True
pap_benchmark_semisyn,none,0.0,robustness_no_multiplicity_correction,RQ1_secondary_B6_vs_BQR,S5_wind_triggered,BQR,B6,clean,6755,20,0.002538597311281346,-0.0004987005865860671,0.006322236168176175,0.22349776502234978,False
pap_benchmark_semisyn_contam100,relative,1.0,robustness_no_multiplicity_correction,RQ1_secondary_B6_vs_BQR,S5_wind_triggered,BQR,B6,all,9922,20,0.027576699994115477,0.010651633427675816,0.04008416214135093,0.002049979500204998,True
pap_benchmark_semisyn_contam100,relative,1.0,robustness_no_multiplicity_correction,RQ1_secondary_B6_vs_BQR,S5_wind_triggered,BQR,B6,censored,3167,15,0.08090462540630705,0.06401498184371028,0.08733262550197826,6.103515625e-05,True
pap_benchmark_semisyn_contam100,relative,1.0,robustness_no_multiplicity_correction,RQ1_secondary_B6_vs_BQR,S5_wind_triggered,BQR,B6,clean,6755,20,0.0025745475469784417,-0.0003437848398303488,0.006234330010707364,0.1957580424195758,False
pap_benchmark_semisyn,none,0.0,robustness_no_multiplicity_correction,RQ1_secondary_B6_vs_persistence,S5_wind_triggered,B0_persistence,B6,all,9922,20,0.094934000501984,0.07206360697195902,0.11124155228902614,9.99990000099999e-06,True
pap_benchmark_semisyn,none,0.0,robustness_no_multiplicity_correction,RQ1_secondary_B6_vs_persistence,S5_wind_triggered,B0_persistence,B6,censored,3167,15,0.16291292987559206,0.14036641450203985,0.17166081933809668,6.103515625e-05,True
pap_benchmark_semisyn,none,0.0,robustness_no_multiplicity_correction,RQ1_secondary_B6_vs_persistence,S5_wind_triggered,B0_persistence,B6,clean,6755,20,0.06306290215613398,0.057093579015756325,0.06956607002667244,9.99990000099999e-06,True
pap_benchmark_semisyn_contam100,relative,1.0,robustness_no_multiplicity_correction,RQ1_secondary_B6_vs_persistence,S5_wind_triggered,B0_persistence,B6,all,9922,20,0.09479401527553484,0.0719329863845753,0.11114973965656579,9.99990000099999e-06,True
pap_benchmark_semisyn_contam100,relative,1.0,robustness_no_multiplicity_correction,RQ1_secondary_B6_vs_persistence,S5_wind_triggered,B0_persistence,B6,censored,3167,15,0.16261981626673191,0.13986669197962254,0.1714475168056012,6.103515625e-05,True
pap_benchmark_semisyn_contam100,relative,1.0,robustness_no_multiplicity_correction,RQ1_secondary_B6_vs_persistence,S5_wind_triggered,B0_persistence,B6,clean,6755,20,0.0629947093185961,0.05701305583124803,0.06946175404813451,9.99990000099999e-06,True
pap_benchmark_semisyn,none,0.0,robustness_no_multiplicity_correction,oracle_gap_report_not_confirmatory,S5_wind_triggered,B6,ORACLE,all,9922,20,0.03009552163813647,0.010110912535611992,0.0452793831573027,0.0023299767002329975,True
pap_benchmark_semisyn,none,0.0,robustness_no_multiplicity_correction,oracle_gap_report_not_confirmatory,S5_wind_triggered,B6,ORACLE,censored,3167,15,0.11125079542710167,0.09129903107036677,0.11897196645244343,6.103515625e-05,True
pap_benchmark_semisyn,none,0.0,robustness_no_multiplicity_correction,oracle_gap_report_not_confirmatory,S5_wind_triggered,B6,ORACLE,clean,6755,20,-0.007953146324802512,-0.011585991751526217,-0.004609956563800274,3.999960000399996e-05,False
pap_benchmark_semisyn_contam100,relative,1.0,robustness_no_multiplicity_correction,oracle_gap_report_not_confirmatory,S5_wind_triggered,B6,ORACLE,all,9922,20,0.030291492532857244,0.01020663324256297,0.04550047198529919,0.0008899911000889991,True
pap_benchmark_semisyn_contam100,relative,1.0,robustness_no_multiplicity_correction,oracle_gap_report_not_confirmatory,S5_wind_triggered,B6,ORACLE,censored,3167,15,0.11163998523063635,0.09095794442382306,0.11945697812904207,6.103515625e-05,True
pap_benchmark_semisyn_contam100,relative,1.0,robustness_no_multiplicity_correction,oracle_gap_report_not_confirmatory,S5_wind_triggered,B6,ORACLE,clean,6755,20,-0.007847763777115581,-0.011652328400352548,-0.004334893477346892,4.999950000499995e-05,False
