run,contamination_mode,intensity_factor,scenario,model,window_type,n_windows,wis_clean,wis_contaminated,wis_degradation,wis_degradation_relative
pap_benchmark_semisyn_contam100,relative,1.0,S1_fixed_50pct,B0_persistence,all,9922,0.2135139640140584,0.2135139640140584,0.0,0.0
pap_benchmark_semisyn_contam100,relative,1.0,S1_fixed_50pct,B0_persistence,censored,4134,0.3298068885120595,0.3298068885120595,0.0,0.0
pap_benchmark_semisyn_contam100,relative,1.0,S1_fixed_50pct,B0_persistence,clean,5788,0.1304533299652096,0.1304533299652096,0.0,0.0
pap_benchmark_semisyn_contam100,relative,1.0,S1_fixed_50pct,B0_climatology,all,9922,0.2655395651786222,0.2655395651786222,0.0,0.0
pap_benchmark_semisyn_contam100,relative,1.0,S1_fixed_50pct,B0_climatology,censored,4134,0.3734877602502264,0.3734877602502264,0.0,0.0
pap_benchmark_semisyn_contam100,relative,1.0,S1_fixed_50pct,B0_climatology,clean,5788,0.18843904022595948,0.18843904022595948,0.0,0.0
pap_benchmark_semisyn_contam100,relative,1.0,S1_fixed_50pct,B1,all,9922,0.08930274082338928,0.08884789871668221,-0.0004548421067070707,-0.0050932603245245865
pap_benchmark_semisyn_contam100,relative,1.0,S1_fixed_50pct,B1,censored,4134,0.11468871505336271,0.11379731655461929,-0.0008913984987434231,-0.007772329634425415
pap_benchmark_semisyn_contam100,relative,1.0,S1_fixed_50pct,B1,clean,5788,0.071171155220986,0.07102811755876379,-0.00014303766222220626,-0.002009770134797942
pap_benchmark_semisyn_contam100,relative,1.0,S1_fixed_50pct,B4_plain,all,9922,0.16734615754608392,0.16971067560863565,0.0023645180625517237,0.014129503164126016
pap_benchmark_semisyn_contam100,relative,1.0,S1_fixed_50pct,B4_plain,censored,4134,0.2821581277100799,0.2879044988010589,0.0057463710909789745,0.020365782611385285
pap_benchmark_semisyn_contam100,relative,1.0,S1_fixed_50pct,B4_plain,clean,5788,0.0853432749168581,0.08529235061252687,-5.092430433123463e-05,-0.0005966996741201386
pap_benchmark_semisyn_contam100,relative,1.0,S1_fixed_50pct,B4,all,9922,0.17157162469306278,0.16993057629869035,-0.0016410483943724297,-0.009564800690721575
pap_benchmark_semisyn_contam100,relative,1.0,S1_fixed_50pct,B4,censored,4134,0.29330196629344146,0.28987126255531387,-0.003430703738127594,-0.011696831703798599
pap_benchmark_semisyn_contam100,relative,1.0,S1_fixed_50pct,B4,clean,5788,0.08462738969375984,0.08426457820178615,-0.00036281149197368856,-0.00428716392277477
pap_benchmark_semisyn_contam100,relative,1.0,S1_fixed_50pct,B6,all,9922,0.07556610555990455,0.07506499602471574,-0.0005011095351888095,-0.006631406124159173
pap_benchmark_semisyn_contam100,relative,1.0,S1_fixed_50pct,B6,censored,4134,0.07544131554840253,0.07341248083070738,-0.0020288347176951466,-0.026892886251346757
pap_benchmark_semisyn_contam100,relative,1.0,S1_fixed_50pct,B6,clean,5788,0.0756552351223699,0.07624528244697394,0.0005900473246040483,0.007799160542554205
pap_benchmark_semisyn_contam100,relative,1.0,S1_fixed_50pct,BQR,all,9922,0.15448474742513849,0.15183414626422412,-0.0026506011609143676,-0.017157688413212562
pap_benchmark_semisyn_contam100,relative,1.0,S1_fixed_50pct,BQR,censored,4134,0.25654758845131986,0.2509772170646396,-0.005570371386680262,-0.021712819131555566
pap_benchmark_semisyn_contam100,relative,1.0,S1_fixed_50pct,BQR,clean,5788,0.08158775627064058,0.08102256114174353,-0.0005651951288970503,-0.0069274503275001354
pap_benchmark_semisyn_contam100,relative,1.0,S1_fixed_50pct,BT,all,9922,0.07874053543361459,0.07944279723098424,0.0007022617973696521,0.008918682016859315
pap_benchmark_semisyn_contam100,relative,1.0,S1_fixed_50pct,BT,censored,4134,0.08287513499708245,0.08561690731418337,0.0027417723171009184,0.03308317165573776
pap_benchmark_semisyn_contam100,relative,1.0,S1_fixed_50pct,BT,clean,5788,0.07578745412826281,0.07503302337404831,-0.0007544307542144968,-0.009954559932013246
pap_benchmark_semisyn_contam100,relative,1.0,S1_fixed_50pct,ORACLE,all,9922,0.07501144043858506,0.0751608137057522,0.00014937326716714383,0.0019913398048853875
pap_benchmark_semisyn_contam100,relative,1.0,S1_fixed_50pct,ORACLE,censored,4134,0.07554740418666946,0.07572929144824121,0.00018188726157175594,0.002407591147967602
pap_benchmark_semisyn_contam100,relative,1.0,S1_fixed_50pct,ORACLE,clean,5788,0.0746286356468468,0.07475478623729166,0.0001261505904448651,0.001690377820141687
pap_benchmark_semisyn_contam100,relative,1.0,S2_fixed_70pct,B0_persistence,all,9922,0.16165526855058895,0.16165526855058895,0.0,0.0
pap_benchmark_semisyn_contam100,relative,1.0,S2_fixed_70pct,B0_persistence,censored,2998,0.23463809748414438,0.23463809748414438,0.0,0.0
pap_benchmark_semisyn_contam100,relative,1.0,S2_fixed_70pct,B0_persistence,clean,6924,0.13005467335376641,0.13005467335376641,0.0,0.0
pap_benchmark_semisyn_contam100,relative,1.0,S2_fixed_70pct,B0_climatology,all,9922,0.24201163108487075,0.24201163108487075,0.0,0.0
pap_benchmark_semisyn_contam100,relative,1.0,S2_fixed_70pct,B0_climatology,censored,2998,0.4111497360390373,0.4111497360390373,0.0,0.0
pap_benchmark_semisyn_contam100,relative,1.0,S2_fixed_70pct,B0_climatology,clean,6924,0.16877707899755254,0.16877707899755254,0.0,0.0
pap_benchmark_semisyn_contam100,relative,1.0,S2_fixed_70pct,B1,all,9922,0.08837911616684184,0.09126813241643496,0.002889016249593118,0.032688901800502754
pap_benchmark_semisyn_contam100,relative,1.0,S2_fixed_70pct,B1,censored,2998,0.1217638832190788,0.13039875190864733,0.008634868689568531,0.07091485965532644
pap_benchmark_semisyn_contam100,relative,1.0,S2_fixed_70pct,B1,clean,6924,0.07392395562053819,0.07432509410943715,0.0004011384888989583,0.005426366670069135
pap_benchmark_semisyn_contam100,relative,1.0,S2_fixed_70pct,B4_plain,all,9922,0.11892109631252962,0.11800145483388735,-0.0009196414786422635,-0.007733207203416686
pap_benchmark_semisyn_contam100,relative,1.0,S2_fixed_70pct,B4_plain,censored,2998,0.20798002172577093,0.2051463768589469,-0.0028336448668240255,-0.013624601263674678
pap_benchmark_semisyn_contam100,relative,1.0,S2_fixed_70pct,B4_plain,clean,6924,0.0803597649449823,0.0802688615018353,-9.090344314699461e-05,-0.0011312059363193876
pap_benchmark_semisyn_contam100,relative,1.0,S2_fixed_70pct,B4,all,9922,0.1143229697400466,0.11505215822630944,0.0007291884862628412,0.00637832001671149
pap_benchmark_semisyn_contam100,relative,1.0,S2_fixed_70pct,B4,censored,2998,0.19728363203826058,0.20004066066832604,0.0027570286300654667,0.013974948664422282
pap_benchmark_semisyn_contam100,relative,1.0,S2_fixed_70pct,B4,clean,6924,0.07840210527296898,0.0782532659211151,-0.0001488393518538772,-0.001898410142631631
pap_benchmark_semisyn_contam100,relative,1.0,S2_fixed_70pct,B6,all,9922,0.07456375098695449,0.07445067528476539,-0.00011307570218910268,-0.0015164969665875066
pap_benchmark_semisyn_contam100,relative,1.0,S2_fixed_70pct,B6,censored,2998,0.06859759006635588,0.06610497368474474,-0.0024926163816111346,-0.03633679228672574
pap_benchmark_semisyn_contam100,relative,1.0,S2_fixed_70pct,B6,clean,6924,0.07714701939249387,0.07806425318725844,0.000917233794764577,0.011889426214874876
pap_benchmark_semisyn_contam100,relative,1.0,S2_fixed_70pct,BQR,all,9922,0.10446597811187952,0.10604842568063802,0.0015824475687584993,0.01514797063464769
pap_benchmark_semisyn_contam100,relative,1.0,S2_fixed_70pct,BQR,censored,2998,0.17086369005765634,0.17603161846591364,0.005167928408257305,0.030245913608171734
pap_benchmark_semisyn_contam100,relative,1.0,S2_fixed_70pct,BQR,clean,6924,0.07571665107354346,0.07574663307950338,2.998200595992484e-05,0.0003959763874237302
pap_benchmark_semisyn_contam100,relative,1.0,S2_fixed_70pct,BT,all,9922,0.07843775938805121,0.07769940294356514,-0.0007383564444860685,-0.009413278123272677
pap_benchmark_semisyn_contam100,relative,1.0,S2_fixed_70pct,BT,censored,2998,0.08402079789712279,0.080643957186791,-0.0033768407103317855,-0.040190533711266054
pap_benchmark_semisyn_contam100,relative,1.0,S2_fixed_70pct,BT,clean,6924,0.07602037789611062,0.0764244500808859,0.0004040721847752837,0.005315314077068762
pap_benchmark_semisyn_contam100,relative,1.0,S2_fixed_70pct,ORACLE,all,9922,0.0754062647058245,0.07480426214628708,-0.0006020025595374207,-0.007983455511103191
pap_benchmark_semisyn_contam100,relative,1.0,S2_fixed_70pct,ORACLE,censored,2998,0.073294076740989,0.06916054184519045,-0.004133534895798555,-0.056396574997538855
pap_benchmark_semisyn_contam100,relative,1.0,S2_fixed_70pct,ORACLE,clean,6924,0.07632081402970907,0.07724791804788843,0.0009271040181793588,0.012147459771831955
pap_benchmark_semisyn_contam100,relative,1.0,S3_fixed_85pct,B0_persistence,all,9922,0.1371212576727543,0.1371212576727543,0.0,0.0
pap_benchmark_semisyn_contam100,relative,1.0,S3_fixed_85pct,B0_persistence,censored,2211,0.1546541569979414,0.1546541569979414,0.0,0.0
pap_benchmark_semisyn_contam100,relative,1.0,S3_fixed_85pct,B0_persistence,clean,7711,0.13209399267366356,0.13209399267366356,0.0,0.0
pap_benchmark_semisyn_contam100,relative,1.0,S3_fixed_85pct,B0_climatology,all,9922,0.22681651796752877,0.22681651796752877,0.0,0.0
pap_benchmark_semisyn_contam100,relative,1.0,S3_fixed_85pct,B0_climatology,censored,2211,0.42084726703377234,0.42084726703377234,0.0,0.0
pap_benchmark_semisyn_contam100,relative,1.0,S3_fixed_85pct,B0_climatology,clean,7711,0.17118145297135906,0.17118145297135906,0.0,0.0
pap_benchmark_semisyn_contam100,relative,1.0,S3_fixed_85pct,B1,all,9922,0.08400257831826849,0.08539618314387465,0.0013936048256061595,0.016590024419561
pap_benchmark_semisyn_contam100,relative,1.0,S3_fixed_85pct,B1,censored,2211,0.11150131699629548,0.11755044124472916,0.006049124248433679,0.0542515946124175
pap_benchmark_semisyn_contam100,relative,1.0,S3_fixed_85pct,B1,clean,7711,0.07611777592984705,0.07617648859569812,5.8712665851071155e-05,0.0007713397446764986
pap_benchmark_semisyn_contam100,relative,1.0,S3_fixed_85pct,B4_plain,all,9922,0.08786783258699486,0.08767873550839557,-0.00018909707859929292,-0.0021520626266964596
pap_benchmark_semisyn_contam100,relative,1.0,S3_fixed_85pct,B4_plain,censored,2211,0.11931340964738497,0.11900479997041094,-0.00030860967697403374,-0.002586546456815616
pap_benchmark_semisyn_contam100,relative,1.0,S3_fixed_85pct,B4_plain,clean,7711,0.07885134044842368,0.07869651160416578,-0.00015482884425789545,-0.0019635537376713123
pap_benchmark_semisyn_contam100,relative,1.0,S3_fixed_85pct,B4,all,9922,0.09018143593370316,0.08999732548944797,-0.0001841104442551894,-0.00204155591834375
pap_benchmark_semisyn_contam100,relative,1.0,S3_fixed_85pct,B4,censored,2211,0.13448665181616315,0.13290124945957524,-0.0015854023565879116,-0.011788548046798587
pap_benchmark_semisyn_contam100,relative,1.0,S3_fixed_85pct,B4,clean,7711,0.07747765791319751,0.07769534443667253,0.00021768652347502193,0.00280966835263539
pap_benchmark_semisyn_contam100,relative,1.0,S3_fixed_85pct,B6,all,9922,0.07474286012783102,0.07503182031588757,0.00028896018805654733,0.003866057407521538
pap_benchmark_semisyn_contam100,relative,1.0,S3_fixed_85pct,B6,censored,2211,0.06193739523102746,0.06390792522432004,0.0019705299932925788,0.03181486702730186
pap_benchmark_semisyn_contam100,relative,1.0,S3_fixed_85pct,B6,clean,7711,0.07841461254474615,0.07822141077723574,-0.0001932017675104064,-0.002463849035792387
pap_benchmark_semisyn_contam100,relative,1.0,S3_fixed_85pct,BQR,all,9922,0.08305093344065198,0.08531004283631645,0.0022591093956644687,0.027201493132871568
pap_benchmark_semisyn_contam100,relative,1.0,S3_fixed_85pct,BQR,censored,2211,0.10907979171734922,0.11882981003823592,0.009750018320886705,0.08938427702677726
pap_benchmark_semisyn_contam100,relative,1.0,S3_fixed_85pct,BQR,clean,7711,0.07558759461951625,0.07569881144175752,0.00011121682224127238,0.001471363426777929
pap_benchmark_semisyn_contam100,relative,1.0,S3_fixed_85pct,BT,all,9922,0.07684781308177197,0.07721367024451814,0.00036585716274617486,0.0047608012261438695
pap_benchmark_semisyn_contam100,relative,1.0,S3_fixed_85pct,BT,censored,2211,0.07238370598353233,0.07285310807998016,0.0004694020964478296,0.006484913836197072
pap_benchmark_semisyn_contam100,relative,1.0,S3_fixed_85pct,BT,clean,7711,0.07812782096586064,0.07846398835446415,0.0003361673886035088,0.004302787207522442
pap_benchmark_semisyn_contam100,relative,1.0,S3_fixed_85pct,ORACLE,all,9922,0.07486074786384793,0.07505599510957064,0.00019524724572271557,0.0026081391289039632
pap_benchmark_semisyn_contam100,relative,1.0,S3_fixed_85pct,ORACLE,censored,2211,0.06478198986034629,0.06480765633261036,2.5666472264068707e-05,0.0003961976518380985
pap_benchmark_semisyn_contam100,relative,1.0,S3_fixed_85pct,ORACLE,clean,7711,0.07775066278353956,0.0779945344735778,0.0002438716900382415,0.0031365866387170023
pap_benchmark_semisyn_contam100,relative,1.0,S4_random_uniform,B0_persistence,all,9922,0.18923788926211416,0.18923788926211416,0.0,0.0
pap_benchmark_semisyn_contam100,relative,1.0,S4_random_uniform,B0_persistence,censored,3551,0.29268906273365325,0.29268906273365325,0.0,0.0
pap_benchmark_semisyn_contam100,relative,1.0,S4_random_uniform,B0_persistence,clean,6371,0.13157737803978872,0.13157737803978872,0.0,0.0
pap_benchmark_semisyn_contam100,relative,1.0,S4_random_uniform,B0_climatology,all,9922,0.2518210717539043,0.2518210717539043,0.0,0.0
pap_benchmark_semisyn_contam100,relative,1.0,S4_random_uniform,B0_climatology,censored,3551,0.3717616304537002,0.3717616304537002,0.0,0.0
pap_benchmark_semisyn_contam100,relative,1.0,S4_random_uniform,B0_climatology,clean,6371,0.18496988293849453,0.18496988293849453,0.0,0.0
pap_benchmark_semisyn_contam100,relative,1.0,S4_random_uniform,B1,all,9922,0.08433772058179612,0.0850379881192043,0.0007002675374081779,0.008303135685639187
pap_benchmark_semisyn_contam100,relative,1.0,S4_random_uniform,B1,censored,3551,0.10109433892873565,0.10265166190259054,0.0015573229738548855,0.015404650649653963
pap_benchmark_semisyn_contam100,relative,1.0,S4_random_uniform,B1,clean,6371,0.07499809544445782,0.07522066656767322,0.00022257112321540096,0.0029676903379530876
pap_benchmark_semisyn_contam100,relative,1.0,S4_random_uniform,B4_plain,all,9922,0.11824905225863304,0.11755358333513742,-0.000695468923495618,-0.005881391099647006
pap_benchmark_semisyn_contam100,relative,1.0,S4_random_uniform,B4_plain,censored,3551,0.180848775922694,0.17894117727217934,-0.0019075986505146525,-0.010548031861327493
pap_benchmark_semisyn_contam100,relative,1.0,S4_random_uniform,B4_plain,clean,6371,0.08335788623586102,0.08333802124591501,-1.9864989946008493e-05,-0.00023830966502438094
pap_benchmark_semisyn_contam100,relative,1.0,S4_random_uniform,B4,all,9922,0.11892620498379079,0.11403073192915937,-0.004895473054631422,-0.04116395587750115
pap_benchmark_semisyn_contam100,relative,1.0,S4_random_uniform,B4,censored,3551,0.18875662731754214,0.17597082855950458,-0.012785798758037564,-0.06773695281452675
pap_benchmark_semisyn_contam100,relative,1.0,S4_random_uniform,B4,clean,6371,0.08000486928968453,0.07950722178407135,-0.0004976475056131802,-0.006220215219792186
pap_benchmark_semisyn_contam100,relative,1.0,S4_random_uniform,B6,all,9922,0.07531474319064561,0.07557736416881414,0.0002626209781685235,0.0034869796674967886
pap_benchmark_semisyn_contam100,relative,1.0,S4_random_uniform,B6,censored,3551,0.069697856101866,0.07206341407312407,0.0023655579712580643,0.03394018271954755
pap_benchmark_semisyn_contam100,relative,1.0,S4_random_uniform,B6,clean,6371,0.07844542378274362,0.07753593217851362,-0.0009094916042299978,-0.011593940861978838
pap_benchmark_semisyn_contam100,relative,1.0,S4_random_uniform,BQR,all,9922,0.12766344476663175,0.12797919837147828,0.0003157536048465359,0.0024733282532343713
pap_benchmark_semisyn_contam100,relative,1.0,S4_random_uniform,BQR,censored,3551,0.21561045334507875,0.21736067600980488,0.001750222664726131,0.00811752230734818
pap_benchmark_semisyn_contam100,relative,1.0,S4_random_uniform,BQR,clean,6371,0.07864447953949856,0.07816070408585625,-0.00048377545364231,-0.006151422915823833
pap_benchmark_semisyn_contam100,relative,1.0,S4_random_uniform,BT,all,9922,0.07856493230292982,0.07831100845355388,-0.0002539238493759477,-0.0032320253061107573
pap_benchmark_semisyn_contam100,relative,1.0,S4_random_uniform,BT,censored,3551,0.08136199453934267,0.07984364907422752,-0.001518345465115159,-0.018661605749856112
pap_benchmark_semisyn_contam100,relative,1.0,S4_random_uniform,BT,clean,6371,0.07700593559887992,0.07745676157802221,0.00045082597914229694,0.005854431553051014
pap_benchmark_semisyn_contam100,relative,1.0,S4_random_uniform,ORACLE,all,9922,0.07495579004612116,0.07545628389817634,0.000500493852055181,0.006677187335991275
pap_benchmark_semisyn_contam100,relative,1.0,S4_random_uniform,ORACLE,censored,3551,0.07060185843350597,0.07253899109898379,0.0019371326654778198,0.027437417490960868
pap_benchmark_semisyn_contam100,relative,1.0,S4_random_uniform,ORACLE,clean,6371,0.07738253799093303,0.07708229343042133,-0.0003002445605116977,-0.0038800040462213525
pap_benchmark_semisyn_contam100,relative,1.0,S5_wind_triggered,B0_persistence,all,9922,0.20018103963518438,0.20018103963518438,0.0,0.0
pap_benchmark_semisyn_contam100,relative,1.0,S5_wind_triggered,B0_persistence,censored,3167,0.33600912881614586,0.33600912881614586,0.0,0.0
pap_benchmark_semisyn_contam100,relative,1.0,S5_wind_triggered,B0_persistence,clean,6755,0.13649968383413258,0.13649968383413258,0.0,0.0
pap_benchmark_semisyn_contam100,relative,1.0,S5_wind_triggered,B0_climatology,all,9922,0.24374867448193896,0.24374867448193896,0.0,0.0
pap_benchmark_semisyn_contam100,relative,1.0,S5_wind_triggered,B0_climatology,censored,3167,0.4687985645734741,0.4687985645734741,0.0,0.0
pap_benchmark_semisyn_contam100,relative,1.0,S5_wind_triggered,B0_climatology,clean,6755,0.1382367570992755,0.1382367570992755,0.0,0.0
pap_benchmark_semisyn_contam100,relative,1.0,S5_wind_triggered,B1,all,9922,0.10978580036175616,0.10904459978178417,-0.0007412005799719845,-0.006751333756548187
pap_benchmark_semisyn_contam100,relative,1.0,S5_wind_triggered,B1,censored,3167,0.18762852338268848,0.18526893512760195,-0.002359588255086531,-0.012575850475963603
pap_benchmark_semisyn_contam100,relative,1.0,S5_wind_triggered,B1,clean,6755,0.07329018173743451,0.07330774263297515,1.756089554064144e-05,0.00023960774996512039
pap_benchmark_semisyn_contam100,relative,1.0,S5_wind_triggered,B4_plain,all,9922,0.14722315151513513,0.1438856598899719,-0.0033374916251632247,-0.022669611340442725
pap_benchmark_semisyn_contam100,relative,1.0,S5_wind_triggered,B4_plain,censored,3167,0.2929304943914326,0.2843295023405179,-0.008600992050914691,-0.029361886917179374
pap_benchmark_semisyn_contam100,relative,1.0,S5_wind_triggered,B4_plain,clean,6755,0.0789100271792011,0.07804026402899794,-0.000869763150203165,-0.011022213288914121
pap_benchmark_semisyn_contam100,relative,1.0,S5_wind_triggered,B4,all,9922,0.1482781651258342,0.14715135679414598,-0.0011268083316882116,-0.0075992869936848855
pap_benchmark_semisyn_contam100,relative,1.0,S5_wind_triggered,B4,censored,3167,0.2955770972181014,0.2925663468191817,-0.0030107503989196815,-0.010186007059600086
pap_benchmark_semisyn_contam100,relative,1.0,S5_wind_triggered,B4,clean,6755,0.07921884344763873,0.07897529855442904,-0.0002435448932096851,-0.003074330331149822
pap_benchmark_semisyn_contam100,relative,1.0,S5_wind_triggered,B6,all,9922,0.10524703913320038,0.10538702435964953,0.00013998522644914635,0.0013300633215152153
pap_benchmark_semisyn_contam100,relative,1.0,S5_wind_triggered,B6,censored,3167,0.17309619894055378,0.17338931254941395,0.00029311360886016824,0.001693356703695336
pap_benchmark_semisyn_contam100,relative,1.0,S5_wind_triggered,B6,clean,6755,0.07343678167799858,0.07350497451553646,6.819283753788097e-05,0.000928592402604039
pap_benchmark_semisyn_contam100,relative,1.0,S5_wind_triggered,BQR,all,9922,0.13362668924475932,0.13296372435376502,-0.0006629648909942942,-0.0049613209362686875
pap_benchmark_semisyn_contam100,relative,1.0,S5_wind_triggered,BQR,censored,3167,0.25659309302618116,0.254293937955721,-0.0022991550704601904,-0.008960315507111483
pap_benchmark_semisyn_contam100,relative,1.0,S5_wind_triggered,BQR,clean,6755,0.07597537898927995,0.0760795220625149,0.00010414307323496075,0.001370747663524722
pap_benchmark_semisyn_contam100,relative,1.0,S5_wind_triggered,BT,all,9922,0.09256984825846581,0.09121145936612599,-0.001358388892339829,-0.014674204591402687
pap_benchmark_semisyn_contam100,relative,1.0,S5_wind_triggered,BT,censored,3167,0.13107540275846272,0.1287186362542139,-0.0023567665042488195,-0.017980234694313445
pap_benchmark_semisyn_contam100,relative,1.0,S5_wind_triggered,BT,clean,6755,0.07451698503100612,0.07362667339949763,-0.0008903116315084891,-0.011947767762450871
pap_benchmark_semisyn_contam100,relative,1.0,S5_wind_triggered,ORACLE,all,9922,0.07515151749506392,0.0750955318267923,-5.598566827162699e-05,-0.0007449705626410568
pap_benchmark_semisyn_contam100,relative,1.0,S5_wind_triggered,ORACLE,censored,3167,0.06184540351345209,0.06174932731877757,-9.607619467452005e-05,-0.001553489656731278
pap_benchmark_semisyn_contam100,relative,1.0,S5_wind_triggered,ORACLE,clean,6755,0.08138992800280109,0.08135273829265205,-3.718971014904371e-05,-0.0004569325844318697
