run,family,scenario,reference,challenger,window_type,n_windows,delta_wis,delta_dispersion,delta_overprediction,delta_underprediction,fraction_of_delta_dispersion,fraction_of_delta_overprediction,fraction_of_delta_underprediction,contamination_mode,intensity_factor
pap_benchmark_semisyn,RQ1_control_inputs_B4_vs_B4plain,S1_fixed_50pct,B4_plain,B4,all,9922,0.004225467178693487,-0.0001842796285123488,-8.131871401880451e-05,0.004491065521224635,-0.043611657769242924,-0.019244904901603858,1.0628565626708455,none,0.0
pap_benchmark_semisyn,RQ1_control_inputs_B4_vs_B4plain,S1_fixed_50pct,B4_plain,B4,censored,4134,0.011143838631114622,-0.001247185922897593,1.8430196398824285e-06,0.012389181534372351,-0.11191708388663626,0.00016538463099569192,1.1117516992556422,none,0.0
pap_benchmark_semisyn,RQ1_control_inputs_B4_vs_B4plain,S1_fixed_50pct,B4_plain,B4,clean,5788,-0.0007158852028388285,0.000574886684719958,-0.00014071584721593935,-0.0011500560403428575,-0.8030431170252664,0.19656202790326363,1.6064810891220174,none,0.0
pap_benchmark_semisyn,RQ1_control_inputs_B4_vs_B4plain,S2_fixed_70pct,B4_plain,B4,all,9922,-0.004598126724723137,0.0007237541926707024,0.000841293481285945,-0.006163174398679791,-0.15740196736623896,-0.18296439651445257,1.340366363880693,none,0.0
pap_benchmark_semisyn,RQ1_control_inputs_B4_vs_B4plain,S2_fixed_70pct,B4_plain,B4,censored,2998,-0.010696390016234625,6.144840465505813e-05,7.033833633155926e-06,-0.010764872254522828,-0.005744779739874274,-0.0006575894879001427,1.0064023692277735,none,0.0
pap_benchmark_semisyn,RQ1_control_inputs_B4_vs_B4plain,S2_fixed_70pct,B4_plain,B4,clean,6924,-0.0019576597478382085,0.001010523798746804,0.0012025168238138269,-0.004170700370398829,-0.5161897004128009,-0.614262424888561,2.1304521253013564,none,0.0
pap_benchmark_semisyn,RQ1_control_inputs_B4_vs_B4plain,S3_fixed_85pct,B4_plain,B4,all,9922,0.0023136032402215623,-0.0002996505247923574,0.0004487156242385139,0.0021645381407754127,-0.12951681584075814,0.19394666139711259,0.9355701544436485,none,0.0
pap_benchmark_semisyn,RQ1_control_inputs_B4_vs_B4plain,S3_fixed_85pct,B4_plain,B4,censored,2211,0.015173241808359758,-0.0032147339572962917,0.0001077744629977486,0.01828020130265831,-0.21186863017797036,0.00710292924603428,1.2047657009319368,none,0.0
pap_benchmark_semisyn,RQ1_control_inputs_B4_vs_B4plain,S3_fixed_85pct,B4_plain,B4,clean,7711,-0.001373682568902218,0.000536200787523318,0.000546474787447352,-0.002456358143872888,-0.3903382045182565,-0.3978173704890707,1.7881555750073272,none,0.0
pap_benchmark_semisyn,RQ1_control_inputs_B4_vs_B4plain,S4_random_uniform,B4_plain,B4,all,9922,0.000677152633868569,-0.001696931695416945,0.0007637841946432737,0.0016103001346422369,-2.5059810898502812,1.1279350569454025,2.3780460329048734,none,0.0
pap_benchmark_semisyn,RQ1_control_inputs_B4_vs_B4plain,S4_random_uniform,B4_plain,B4,censored,3551,0.007907850965771263,-0.003346694303046051,5.241772208599795e-05,0.011202127546731305,-0.4232116054705697,0.006628567269778533,1.4165830382007898,none,0.0
pap_benchmark_semisyn,RQ1_control_inputs_B4_vs_B4plain,S4_random_uniform,B4_plain,B4,clean,6371,-0.0033530168491931744,-0.0007774046165139534,0.001160278048677318,-0.003735890281356541,0.23185228451834883,-0.34604002928184274,1.1141877447634945,none,0.0
pap_benchmark_semisyn,RQ1_control_inputs_B4_vs_B4plain,S5_wind_triggered,B4_plain,B4,all,9922,0.0010550136785089093,-0.0004172859409840163,0.0002853216243584797,0.001186977995134425,-0.3955265694505329,0.2704435308950075,1.1250830385555057,none,0.0
pap_benchmark_semisyn,RQ1_control_inputs_B4_vs_B4plain,S5_wind_triggered,B4_plain,B4,censored,3167,0.002646602963075839,-0.0006642949651932389,0.0,0.0033108979282691076,-0.25099910128612796,0.0,1.250999101286139,none,0.0
pap_benchmark_semisyn,RQ1_control_inputs_B4_vs_B4plain,S5_wind_triggered,B4_plain,B4,clean,6755,0.0003088163040864539,-0.00030147874932293095,0.0004190912149348372,0.0001912038384745511,-0.9762397429590739,1.3570890182582833,0.6191507247008018,none,0.0
pap_benchmark_semisyn,RQ1_censored_likelihood_primary,S1_fixed_50pct,B4,B6,all,9922,-0.09600551816719206,0.013746043527206615,0.00714810478443389,-0.1168996664788326,-0.1431797233078634,-0.0744551450884894,1.2176348683963532,none,0.0
pap_benchmark_semisyn,RQ1_censored_likelihood_primary,S1_fixed_50pct,B4,B6,censored,4134,-0.21786064846007702,0.026850658449928226,0.007986253721063088,-0.25269756063106835,-0.1232469408299251,-0.03665762393306458,1.1599045647629898,none,0.0
pap_benchmark_semisyn,RQ1_censored_likelihood_primary,S1_fixed_50pct,B4,B6,clean,5788,-0.008972154547498501,0.00438625118260897,0.006549468346281662,-0.019907874076389123,-0.48887378827328465,-0.7299772102240146,2.218850998497298,none,0.0
pap_benchmark_semisyn,RQ1_censored_likelihood_primary,S2_fixed_70pct,B4,B6,all,9922,-0.03975921812865367,0.0074490157532665635,0.00415026708523256,-0.0513585009671528,-0.18735317503384724,-0.10438502768849837,1.2917382027223456,none,0.0
pap_benchmark_semisyn,RQ1_censored_likelihood_primary,S2_fixed_70pct,B4,B6,censored,2998,-0.12868604010180745,0.01875064868998266,0.004974246698846351,-0.15241093549063645,-0.1457084907978243,-0.03865412825595591,1.1843626190537802,none,0.0
pap_benchmark_semisyn,RQ1_censored_likelihood_primary,S2_fixed_70pct,B4,B6,clean,6924,-0.0012550857953903816,0.002555558857790706,0.0037934948608515477,-0.007604139514032628,-2.0361626808116537,-3.022498441767178,6.058661122578826,none,0.0
pap_benchmark_semisyn,RQ1_censored_likelihood_primary,S3_fixed_85pct,B4,B6,all,9922,-0.015438575644687091,0.0036671339854100447,0.0026588658104465084,-0.021764575440543648,-0.23753059024405682,-0.17222222254431285,1.4097528127883698,none,0.0
pap_benchmark_semisyn,RQ1_censored_likelihood_primary,S3_fixed_85pct,B4,B6,censored,2211,-0.07254925567984935,0.010143985347182517,0.001999201528498489,-0.08469244255553035,-0.13982204575532292,-0.027556471941224472,1.1673785176965472,none,0.0
pap_benchmark_semisyn,RQ1_censored_likelihood_primary,S3_fixed_85pct,B4,B6,clean,7711,0.0009369545793751072,0.0018100054209075206,0.0028480134861548524,-0.003721064327687266,1.9317963333021824,3.03964946524335,-3.9714457985455325,none,0.0
pap_benchmark_semisyn,RQ1_censored_likelihood_primary,S4_random_uniform,B4,B6,all,9922,-0.04361146112414398,-0.0017795899071899185,0.010734847841809432,-0.052566719058763485,0.040805555725916966,-0.24614740174037542,1.2053418460144583,none,0.0
pap_benchmark_semisyn,RQ1_censored_likelihood_primary,S4_random_uniform,B4,B6,censored,3551,-0.11905876930949351,-0.0007746428451198203,0.007325885717850677,-0.12561001218222434,0.006506390496160218,-0.06153167683773904,1.0550252863415785,none,0.0
pap_benchmark_semisyn,RQ1_censored_likelihood_primary,S4_random_uniform,B4,B6,clean,6371,-0.0015594455275066976,-0.0023397165776358336,0.012634898776070538,-0.011854627725941402,1.5003515905917302,-8.10217385167131,7.60182226107958,none,0.0
pap_benchmark_semisyn,RQ1_censored_likelihood_primary,S5_wind_triggered,B4,B6,all,9922,-0.04303112600398784,0.005247834259346915,0.0022173838299071914,-0.05049634409324194,-0.12195437922913244,-0.05152976544703243,1.1734841446761648,none,0.0
pap_benchmark_semisyn,RQ1_censored_likelihood_primary,S5_wind_triggered,B4,B6,censored,3167,-0.12248089850728366,0.011441696126169396,0.0,-0.13392259463345307,-0.0934161674645862,-0.0,1.0934161674645864,none,0.0
pap_benchmark_semisyn,RQ1_censored_likelihood_primary,S5_wind_triggered,B4,B6,clean,6755,-0.0057820616786084245,0.002343917082111263,0.0032569774034550934,-0.011382956164174785,-0.4053773917325933,-0.5632899793346643,1.9686673710672582,none,0.0
pap_benchmark_semisyn,RQ1_censored_likelihood_primary,S1_fixed_50pct,B4,BT,all,9922,-0.09283108838205936,0.015087702709187304,0.0052534338030024216,-0.11317222489424911,-0.16252855559650176,-0.056591319724499815,1.2191198753210017,none,0.0
pap_benchmark_semisyn,RQ1_censored_likelihood_primary,S1_fixed_50pct,B4,BT,censored,4134,-0.21042682924365452,0.029616081409413346,0.005565312374203985,-0.2456082230272719,-0.14074289631157585,-0.02644773194657548,1.1671906282581515,none,0.0
pap_benchmark_semisyn,RQ1_censored_likelihood_primary,S1_fixed_50pct,B4,BT,clean,5788,-0.008839935527561349,0.0047110065193575815,0.005030678790330128,-0.018581620837249055,-0.5329231762685938,-0.5690854616128551,2.1020086378814486,none,0.0
pap_benchmark_semisyn,RQ1_censored_likelihood_primary,S2_fixed_70pct,B4,BT,all,9922,-0.03588520979195481,0.010712308225412435,-0.0005568914903723039,-0.046040626526994935,-0.2985159704378837,0.015518691226856215,1.2829972792110274,none,0.0
pap_benchmark_semisyn,RQ1_censored_likelihood_primary,S2_fixed_70pct,B4,BT,censored,2998,-0.1132628325705659,0.026695720641010518,0.0018570230417348432,-0.14181557625331126,-0.2356970952883272,-0.01639569662517372,1.252092791913501,none,0.0
pap_benchmark_semisyn,RQ1_censored_likelihood_primary,S2_fixed_70pct,B4,BT,clean,6924,-0.002381727254364377,0.0037917030229336623,-0.0016020844088092227,-0.0045713458684888165,-1.591997159198471,0.6726565377599371,1.919340621438534,none,0.0
pap_benchmark_semisyn,RQ1_censored_likelihood_primary,S3_fixed_85pct,B4,BT,all,9922,-0.01333362271414236,0.007118602655953984,0.0006788744090920965,-0.021131099779188447,-0.5338836120211808,-0.050914475656495484,1.5847980876776768,none,0.0
pap_benchmark_semisyn,RQ1_censored_likelihood_primary,S3_fixed_85pct,B4,BT,censored,2211,-0.06210294505405563,0.01757552034472966,0.0025391531173916543,-0.08221761851617694,-0.2830062298886402,-0.040886194932970174,1.3238924248216104,none,0.0
pap_benchmark_semisyn,RQ1_censored_likelihood_primary,S3_fixed_85pct,B4,BT,clean,7711,0.0006501630067172054,0.004120256785135286,0.0001454706710490028,-0.003615564449467073,6.337267335370607,0.22374492172895444,-5.561012257099545,none,0.0
pap_benchmark_semisyn,RQ1_censored_likelihood_primary,S4_random_uniform,B4,BT,all,9922,-0.04036127208067175,0.0006059112722086382,0.0064992294767092,-0.047466412829589584,-0.015012194635431167,-0.16102637854721033,1.1760385731826413,none,0.0
pap_benchmark_semisyn,RQ1_censored_likelihood_primary,S4_random_uniform,B4,BT,censored,3551,-0.10739463110330677,0.00415629146229906,0.0037399776239128665,-0.1152909001895187,-0.03870111028456323,-0.034824623777656515,1.0735257340622197,none,0.0
pap_benchmark_semisyn,RQ1_censored_likelihood_primary,S4_random_uniform,B4,BT,clean,6371,-0.002998933689622174,-0.0013729617547904305,0.008037151832584225,-0.00966312376741595,0.4578166431427183,-2.6800031825968116,3.222186539454087,none,0.0
pap_benchmark_semisyn,RQ1_censored_likelihood_primary,S5_wind_triggered,B4,BT,all,9922,-0.055708316086976836,0.008520957510045439,-0.0002075998116605922,-0.06402167378536167,-0.1529566518711812,0.0037265497549139465,1.149230102116267,none,0.0
pap_benchmark_semisyn,RQ1_censored_likelihood_primary,S5_wind_triggered,B4,BT,censored,3167,-0.16450169240222579,0.017166411704132037,4.978640449300957e-05,-0.18171789051085085,-0.1043540127365873,-0.00030264980114171725,1.1046566625377292,none,0.0
pap_benchmark_semisyn,RQ1_censored_likelihood_primary,S5_wind_triggered,B4,BT,clean,6755,-0.004701858234957071,0.004467640939701659,-0.00032827222417849966,-0.008841226950480226,-0.9501862277526641,0.0698175503756967,1.8803686773769668,none,0.0
pap_benchmark_semisyn,RQ1_censored_likelihood_primary,S1_fixed_50pct,B1,B6,all,9922,-0.013736635024684307,0.0010990793933825516,0.0062621331824781416,-0.02109784760054499,-0.08001081716210265,-0.4558709735845265,1.5358817907466285,none,0.0
pap_benchmark_semisyn,RQ1_censored_likelihood_primary,S1_fixed_50pct,B1,B6,censored,4134,-0.039247398881328485,-0.001655888954850443,0.004541710405998741,-0.04213322033247678,0.04219104965038113,-0.11572003586101114,1.0735289862106299,none,0.0
pap_benchmark_semisyn,RQ1_censored_likelihood_primary,S1_fixed_50pct,B1,B6,clean,5788,0.004484079865323828,0.003066777933741084,0.007490921668650542,-0.0060736197370677945,0.6839258054828623,1.670559377539001,-1.3544851830218625,none,0.0
pap_benchmark_semisyn,RQ1_censored_likelihood_primary,S2_fixed_70pct,B1,B6,all,9922,-0.013815364939377142,0.0014410647222724976,0.005654950072682369,-0.020911379734332,-0.10430884226337833,-0.40932324969312894,1.5136320919565065,none,0.0
pap_benchmark_semisyn,RQ1_censored_likelihood_primary,S2_fixed_70pct,B1,B6,censored,2998,-0.05316629238616112,-0.0013526499975528156,0.0034026872969461896,-0.0552163296855545,0.02544187184857943,-0.06400083858079766,1.0385589667322184,none,0.0
pap_benchmark_semisyn,RQ1_censored_likelihood_primary,S2_fixed_70pct,B1,B6,clean,6924,0.0032230637846925175,0.002650706075541749,0.006630149928496504,-0.006057792219345725,0.8224181253039112,2.057095475424798,-1.879513600728706,none,0.0
pap_benchmark_semisyn,RQ1_censored_likelihood_primary,S3_fixed_85pct,B1,B6,all,9922,-0.009259718151102242,-0.001220851686858787,0.005253246673099454,-0.013292113137342899,0.1318454478782879,-0.5673225240094514,1.4354770761311624,none,0.0
pap_benchmark_semisyn,RQ1_censored_likelihood_primary,S3_fixed_85pct,B1,B6,censored,2211,-0.04956392115470909,-0.007511634225783697,0.0017808640684348937,-0.04383315099736028,0.1515544785558197,-0.0359306533249477,0.8843761747691279,none,0.0
pap_benchmark_semisyn,RQ1_censored_likelihood_primary,S3_fixed_85pct,B1,B6,clean,7711,0.002296836490445528,0.0005829247615347921,0.006248894181712254,-0.004534982452801539,0.25379462750599174,2.720652605314594,-1.9744472328205949,none,0.0
pap_benchmark_semisyn,RQ1_censored_likelihood_primary,S4_random_uniform,B1,B6,all,9922,-0.00902297722605866,0.001273450696414824,0.006009175729697124,-0.016305603652170604,-0.14113420265952306,-0.6659859134236119,1.8071201160831345,none,0.0
pap_benchmark_semisyn,RQ1_censored_likelihood_primary,S4_random_uniform,B1,B6,censored,3551,-0.031396482306615875,-0.0013970900717668738,0.004499647631066743,-0.03449903986591575,0.044498299463073245,-0.14331693554467329,1.0988186360816004,none,0.0
pap_benchmark_semisyn,RQ1_censored_likelihood_primary,S4_random_uniform,B1,B6,clean,6371,0.003447328305421271,0.002761928214514514,0.006850540394308085,-0.00616514030340134,0.8011793394238383,1.9872027806388268,-1.7883821200626688,none,0.0
pap_benchmark_semisyn,RQ1_censored_likelihood_primary,S5_wind_triggered,B1,B6,all,9922,-0.004538761746658057,-0.0022927007522464786,0.0020292641214500577,-0.004275325115861636,0.505137938543397,-0.44709641852080656,0.9419584799774097,none,0.0
pap_benchmark_semisyn,RQ1_censored_likelihood_primary,S5_wind_triggered,B1,B6,censored,3167,-0.014532326181387722,-0.004851559236364957,0.0,-0.009680766945022762,0.3338460185801907,-0.0,0.6661539814198091,none,0.0
pap_benchmark_semisyn,RQ1_censored_likelihood_primary,S5_wind_triggered,B1,B6,clean,6755,0.00014659999498353726,-0.0010930109196479257,0.002980660046340112,-0.0017410491317086559,-7.455736405520802,20.33192461346831,-11.876188207947555,none,0.0
pap_benchmark_semisyn,RQ1_secondary_B6_vs_BT,S1_fixed_50pct,BT,B6,all,9922,-0.0031744297851327014,-0.0013416591819806895,0.0018946709814314684,-0.003727441584583484,0.4226457262542992,-0.5968539579313029,1.1742082316770048,none,0.0
pap_benchmark_semisyn,RQ1_secondary_B6_vs_BT,S1_fixed_50pct,BT,B6,censored,4134,-0.007433819216422485,-0.00276542295948512,0.0024209413468591033,-0.007089337603796469,0.3720056782354704,-0.32566588941399865,0.9536602111785283,none,0.0
pap_benchmark_semisyn,RQ1_secondary_B6_vs_BT,S1_fixed_50pct,BT,B6,clean,5788,-0.00013221901993715202,-0.0003247553367486111,0.0015187895559515344,-0.0013262532391400683,2.456192285368458,-11.48692190180705,10.030729616438538,none,0.0
pap_benchmark_semisyn,RQ1_secondary_B6_vs_BT,S2_fixed_70pct,BT,B6,all,9922,-0.0038740083366988615,-0.003263292472145872,0.004707158575604864,-0.005317874440157858,0.8423555626435756,-1.2150615503362467,1.3727059876926726,none,0.0
pap_benchmark_semisyn,RQ1_secondary_B6_vs_BT,S2_fixed_70pct,BT,B6,censored,2998,-0.015423207531241545,-0.007945071951027859,0.003117223657111508,-0.01059535923732519,0.5151374598918006,-0.2021125405203295,0.6869750806285285,none,0.0
pap_benchmark_semisyn,RQ1_secondary_B6_vs_BT,S2_fixed_70pct,BT,B6,clean,6924,0.0011266414589739954,-0.0012361441651429564,0.0053955792696607704,-0.0030327936455438118,-1.0971939256244683,4.789082832593779,-2.691888906969305,none,0.0
pap_benchmark_semisyn,RQ1_secondary_B6_vs_BT,S3_fixed_85pct,BT,B6,all,9922,-0.0021049529305447318,-0.003451468670543939,0.001979991401354412,-0.0006334756613552012,1.6396892398210292,-0.9406345256575492,0.3009452858365183,none,0.0
pap_benchmark_semisyn,RQ1_secondary_B6_vs_BT,S3_fixed_85pct,BT,B6,censored,2211,-0.010446310625793723,-0.007431534997547142,-0.0005399515888931655,-0.00247482403935341,0.7114028352935834,0.05168825705411563,0.23690890765230044,none,0.0
pap_benchmark_semisyn,RQ1_secondary_B6_vs_BT,S3_fixed_85pct,BT,B6,clean,7711,0.0002867915726579018,-0.0023102513642277653,0.0027025428151058496,-0.00010549987822019297,-8.055506453055857,9.423368999512295,-0.36786254645647515,none,0.0
pap_benchmark_semisyn,RQ1_secondary_B6_vs_BT,S4_random_uniform,BT,B6,all,9922,-0.0032501890434722264,-0.0023855011793985567,0.004235618365100231,-0.005100306229173901,0.7339576706129344,-1.3031913862386466,1.5692337156257121,none,0.0
pap_benchmark_semisyn,RQ1_secondary_B6_vs_BT,S4_random_uniform,BT,B6,censored,3551,-0.011664138206186739,-0.00493093430741888,0.0035859080939378103,-0.010319111992705653,0.42274313114735546,-0.3074301787710146,0.8846870476236577,none,0.0
pap_benchmark_semisyn,RQ1_secondary_B6_vs_BT,S4_random_uniform,BT,B6,clean,6371,0.0014394881621154765,-0.0009667548228454032,0.004597746943486313,-0.0021915039585254526,-0.6715962300271071,3.1940151121002964,-1.5224188820732025,none,0.0
pap_benchmark_semisyn,RQ1_secondary_B6_vs_BT,S5_wind_triggered,BT,B6,all,9922,0.012677190082988996,-0.0032731232506985238,0.0024249836415677836,0.013525329692119732,-0.25818996396453775,0.1912871563566575,1.06690280760788,none,0.0
pap_benchmark_semisyn,RQ1_secondary_B6_vs_BT,S5_wind_triggered,BT,B6,censored,3167,0.04202079389494212,-0.005724715577962641,-4.978640449300957e-05,0.04779529587739777,-0.13623530274737866,-0.001184803995314381,1.137420106742693,none,0.0
pap_benchmark_semisyn,RQ1_secondary_B6_vs_BT,S5_wind_triggered,BT,B6,clean,6755,-0.0010802034436513536,-0.0021237238575903955,0.003585249627633593,-0.002541729213694558,1.9660406288020025,-3.3190503591754594,2.353009730373463,none,0.0
pap_benchmark_semisyn,RQ1_secondary_B6_vs_BQR,S1_fixed_50pct,BQR,B6,all,9922,-0.07891864069531306,0.010199767323516,0.00875218657720353,-0.09787059459603259,-0.1292440826863071,-0.11090138527592909,1.2401454679622363,none,0.0
pap_benchmark_semisyn,RQ1_secondary_B6_vs_BQR,S1_fixed_50pct,BQR,B6,censored,4134,-0.18110627027556986,0.017432644219820444,0.008060951127946001,-0.20659986562333632,-0.09625643658441572,-0.044509508785535265,1.140765945369951,none,0.0
pap_benchmark_semisyn,RQ1_secondary_B6_vs_BQR,S1_fixed_50pct,BQR,B6,clean,5788,-0.005932521019296852,0.005033783721352464,0.009245892062212276,-0.0202121968028616,-0.8485066812201686,-1.5585097856607575,3.4070164668809273,none,0.0
pap_benchmark_semisyn,RQ1_secondary_B6_vs_BQR,S2_fixed_70pct,BQR,B6,all,9922,-0.029902226656303058,0.003655925938611901,0.0065729628216039115,-0.04013111541651887,-0.12226266560792295,-0.21981516283565472,1.3420778284435777,none,0.0
pap_benchmark_semisyn,RQ1_secondary_B6_vs_BQR,S2_fixed_70pct,BQR,B6,censored,2998,-0.10226609836921145,0.005666701387448056,0.005051825761565302,-0.11298462551822479,-0.0554113384377837,-0.049398831500608226,1.1048101699383917,none,0.0
pap_benchmark_semisyn,RQ1_secondary_B6_vs_BQR,S2_fixed_70pct,BQR,B6,clean,6924,0.0014303682881364743,0.0027852868866750508,0.007231594957074129,-0.008586513555612695,1.9472515643532646,5.055757329810256,-6.003008894163514,none,0.0
pap_benchmark_semisyn,RQ1_secondary_B6_vs_BQR,S3_fixed_85pct,BQR,B6,all,9922,-0.008308073248186151,0.00029986727117704837,0.004303084906558501,-0.012911025425921697,-0.03609347946499105,-0.5179401743356037,1.5540336538005943,none,0.0
pap_benchmark_semisyn,RQ1_secondary_B6_vs_BQR,S3_fixed_85pct,BQR,B6,censored,2211,-0.04714239604418809,-0.001588416606175841,0.0020778158404873965,-0.047631795278499645,0.033694015142695904,-0.04407531256026513,1.0103812974175692,none,0.0
pap_benchmark_semisyn,RQ1_secondary_B6_vs_BQR,S3_fixed_85pct,BQR,B6,clean,7711,0.0028270178816232477,0.0008413010220300193,0.004941143511808556,-0.002955426652215331,0.29759310243448195,1.7478288849631884,-1.0454219873976716,none,0.0
pap_benchmark_semisyn,RQ1_secondary_B6_vs_BQR,S4_random_uniform,BQR,B6,all,9922,-0.05234870077168961,0.004644406127890209,0.008790879085579552,-0.06578398598515936,-0.08872056153114544,-0.16792926960918378,1.256649831140329,none,0.0
pap_benchmark_semisyn,RQ1_secondary_B6_vs_BQR,S4_random_uniform,BQR,B6,censored,3551,-0.14591259500645154,0.00795090589943806,0.007240395375831005,-0.16110389628172064,-0.054490881332667065,-0.04962145574555007,1.1041123370782173,none,0.0
pap_benchmark_semisyn,RQ1_secondary_B6_vs_BQR,S4_random_uniform,BQR,B6,clean,6371,-0.0001990557508703139,0.002801464566319578,0.009655071151709996,-0.012655591468899894,-14.073768550122173,-48.504356741746875,63.57812529186907,none,0.0
pap_benchmark_semisyn,RQ1_secondary_B6_vs_BQR,S5_wind_triggered,BQR,B6,all,9922,-0.028379650024955877,-0.00048317246340127615,0.0028156903212838164,-0.030712167882838412,0.01702531437055758,-0.09921511783294777,1.08218980346239,none,0.0
pap_benchmark_semisyn,RQ1_secondary_B6_vs_BQR,S5_wind_triggered,BQR,B6,censored,3167,-0.08349689406305849,-0.0021306628543498393,0.0,-0.08136623120870867,0.025517869595732757,-0.0,0.9744821304042675,none,0.0
pap_benchmark_semisyn,RQ1_secondary_B6_vs_BQR,S5_wind_triggered,BQR,B6,clean,6755,-0.002538597194656683,0.0002892334682247852,0.004135792652520804,-0.006963623315402279,-0.11393436849042952,-1.6291645879172743,2.7430989564077066,none,0.0
pap_benchmark_semisyn,RQ1_secondary_B6_vs_persistence,S1_fixed_50pct,B0_persistence,B6,all,9922,-0.13794785789536324,0.03690747389731534,-0.021571060009403332,-0.15328427178327522,-0.26754655317163784,0.15637111252401975,1.111175440647618,none,0.0
pap_benchmark_semisyn,RQ1_secondary_B6_vs_persistence,S1_fixed_50pct,B0_persistence,B6,censored,4134,-0.2543655710903109,0.03740932648964533,0.006142794036906246,-0.29791769161686243,-0.14706914276682273,-0.024149471214110523,1.171218613980933,none,0.0
pap_benchmark_semisyn,RQ1_secondary_B6_vs_persistence,S1_fixed_50pct,B0_persistence,B6,clean,5788,-0.05479809522295244,0.03654903253299396,-0.04136530199755879,-0.0499818257583876,-0.6669763316460172,0.7548675155451889,0.9121088161008283,none,0.0
pap_benchmark_semisyn,RQ1_secondary_B6_vs_persistence,S2_fixed_70pct,B0_persistence,B6,all,9922,-0.08709151795286675,0.03537336781761984,-0.0312839760170578,-0.0911809097534288,-0.40616317925200973,0.3592080693092115,1.0469551099427983,none,0.0
pap_benchmark_semisyn,RQ1_secondary_B6_vs_persistence,S2_fixed_70pct,B0_persistence,B6,censored,2998,-0.1660405077138885,0.03282712166193801,0.004217661454744561,-0.20308529083057106,-0.19770550038610957,-0.02540140061491617,1.2231069010010256,none,0.0
pap_benchmark_semisyn,RQ1_secondary_B6_vs_persistence,S2_fixed_70pct,B0_persistence,B6,clean,6924,-0.05290765439082992,0.0364758585707588,-0.04665571332792774,-0.04272779963366098,-0.6894249800097144,0.8818329571611895,0.8075920228485249,none,0.0
pap_benchmark_semisyn,RQ1_secondary_B6_vs_persistence,S3_fixed_85pct,B0_persistence,B6,all,9922,-0.062378398058091006,0.034415650890080106,-0.03895202833321365,-0.05784202061495747,-0.5517238653360401,0.6244473975900899,0.9272764677459502,none,0.0
pap_benchmark_semisyn,RQ1_secondary_B6_vs_persistence,S3_fixed_85pct,B0_persistence,B6,censored,2211,-0.09271676230734782,0.02827144044920891,0.0015262922705570727,-0.1225144950271138,-0.3049226455459219,-0.016461880598219656,1.3213845261441415,none,0.0
pap_benchmark_semisyn,RQ1_secondary_B6_vs_persistence,S3_fixed_85pct,B0_persistence,B6,clean,7711,-0.05367938063426701,0.03617740024616442,-0.05055850827808942,-0.03929827260234203,-0.6739533843106612,0.9418608724746474,0.7320925118360142,none,0.0
pap_benchmark_semisyn,RQ1_secondary_B6_vs_persistence,S4_random_uniform,B0_persistence,B6,all,9922,-0.11392314618734935,0.03557869380490539,-0.0261770239831627,-0.12332481600909204,-0.3123043472341904,0.229777923619788,1.0825264236144025,none,0.0
pap_benchmark_semisyn,RQ1_secondary_B6_vs_persistence,S4_random_uniform,B0_persistence,B6,censored,3551,-0.2229912062685292,0.03417033693470135,0.004908798437079141,-0.2620703416403097,-0.15323625315319805,-0.022013417117300562,1.1752496702704986,none,0.0
pap_benchmark_semisyn,RQ1_secondary_B6_vs_persistence,S4_random_uniform,B0_persistence,B6,clean,6371,-0.053131954639983214,0.036363668729735794,-0.04350330799105453,-0.0459923153786645,-0.6844029920625424,0.8187786104582181,0.8656243816043248,none,0.0
pap_benchmark_semisyn,RQ1_secondary_B6_vs_persistence,S5_wind_triggered,B0_persistence,B6,all,9922,-0.09493400076823516,0.03094778420007242,-0.029827585129779878,-0.0960541998385277,-0.3259926259257318,0.31419285912745565,1.011799766798276,none,0.0
pap_benchmark_semisyn,RQ1_secondary_B6_vs_persistence,S5_wind_triggered,B0_persistence,B6,censored,3167,-0.16291293015761787,0.025351914645503355,-5.685985747067229e-05,-0.18820798494565055,-0.15561634439313957,0.00034901991766804827,1.1552673244754714,none,0.0
pap_benchmark_semisyn,RQ1_secondary_B6_vs_persistence,S5_wind_triggered,B0_persistence,B6,clean,6755,-0.06306290241498942,0.03357133991869865,-0.04378522938402166,-0.052849012949666416,-0.5323468891073285,0.6943104060750357,0.8380364830322927,none,0.0
pap_benchmark_semisyn,oracle_gap_report_not_confirmatory,S1_fixed_50pct,B6,ORACLE,all,9922,-0.0005546652200650593,-0.0020256311395749904,0.00034116956301319043,0.0011297963564967407,3.651988742574115,-0.6150909605855097,-2.036897781988605,none,0.0
pap_benchmark_semisyn,oracle_gap_report_not_confirmatory,S1_fixed_50pct,B6,ORACLE,censored,4134,0.00010608844372547721,-0.002790829622167354,0.0010081301570188574,0.0018887879088739686,-26.306631751419825,9.502733018004998,17.803898733414776,none,0.0
pap_benchmark_semisyn,oracle_gap_report_not_confirmatory,S1_fixed_50pct,B6,ORACLE,clean,5788,-0.001026599505847714,-0.0014790985675230128,-0.00013519793795768384,0.0005876969996329723,1.4407746731785616,0.13169491821062607,-0.5724695913891774,none,0.0
pap_benchmark_semisyn,oracle_gap_report_not_confirmatory,S2_fixed_70pct,B6,ORACLE,all,9922,0.0008425135815561952,-0.0005858137918540104,-0.001746869431872626,0.0031751968052828317,-0.6953167339711745,-2.0734021030806504,3.768718837051825,none,0.0
pap_benchmark_semisyn,oracle_gap_report_not_confirmatory,S2_fixed_70pct,B6,ORACLE,censored,2998,0.004696486398459515,-2.074713746865603e-05,-0.0005861078077581657,0.005303341343686329,-0.004417587044532111,-0.12479708403933922,1.1292146710838697,none,0.0
pap_benchmark_semisyn,oracle_gap_report_not_confirmatory,S2_fixed_70pct,B6,ORACLE,clean,6924,-0.000826205439974137,-0.0008304801450959645,-0.0022494637919383623,0.0022537384970601794,1.0051739009633747,2.7226446148899455,-2.7278185158533077,none,0.0
pap_benchmark_semisyn,oracle_gap_report_not_confirmatory,S3_fixed_85pct,B6,ORACLE,all,9922,0.00011788767944601042,0.00017169256978022407,-0.0008035979529563628,0.0007497930626221318,1.4564080876564793,-6.816640693350744,6.360232605694118,none,0.0
pap_benchmark_semisyn,oracle_gap_report_not_confirmatory,S3_fixed_85pct,B6,ORACLE,censored,2211,0.0028445945932874944,0.0010828183179129591,-0.0002608747414964139,0.0020226510168709425,0.38065822119894677,-0.09170893529503664,0.7110507140960874,none,0.0
pap_benchmark_semisyn,oracle_gap_report_not_confirmatory,S3_fixed_85pct,B6,ORACLE,clean,7711,-0.0006639498236668956,-8.955746641759604e-05,-0.0009592147368414489,0.0003848223795921632,0.13488589532712508,1.4447096793306597,-0.5795955746578059,none,0.0
pap_benchmark_semisyn,oracle_gap_report_not_confirmatory,S4_random_uniform,B6,ORACLE,all,9922,-0.0003589532768511622,-0.001079079071753794,-0.00041723107474096396,0.0011373568696436027,3.0061825350078295,1.1623548290212888,-3.1685373640291377,none,0.0
pap_benchmark_semisyn,oracle_gap_report_not_confirmatory,S4_random_uniform,B6,ORACLE,censored,3551,0.0009040021989614039,-0.0015098095070551487,-0.00024233508805331355,0.0026561467940698635,-1.670139197437516,-0.26806913559693674,2.9382083330344497,none,0.0
pap_benchmark_semisyn,oracle_gap_report_not_confirmatory,S4_random_uniform,B6,ORACLE,clean,6371,-0.0010628859239411592,-0.0008390031377159476,-0.0005147127336214904,0.00029082994739628235,0.7893632974317142,0.484259619990964,-0.2736229174226815,none,0.0
pap_benchmark_semisyn,oracle_gap_report_not_confirmatory,S5_wind_triggered,B6,ORACLE,all,9922,-0.0300955208923617,0.003958576475646281,0.005191202952551061,-0.03924530032055904,-0.13153374184166308,-0.17249088231825882,1.3040246241599218,none,0.0
pap_benchmark_semisyn,oracle_gap_report_not_confirmatory,S5_wind_triggered,B6,ORACLE,censored,3167,-0.11125079251814568,0.003478734491708147,0.0015396196302755153,-0.11626914664012936,-0.03126930076602146,-0.013839178988539735,1.0451084797545613,none,0.0
pap_benchmark_semisyn,oracle_gap_report_not_confirmatory,S5_wind_triggered,B6,ORACLE,clean,6755,0.007953146056395938,0.004183544582697658,0.0069032036012034136,-0.0031336021275051307,0.526023859367356,0.8679840093785077,-0.39400786874586324,none,0.0
pap_benchmark_semisyn_contam100,ROBUSTNESS_contaminated_inputs_B4_vs_B4plain,S1_fixed_50pct,B4_plain,B4,all,9922,0.00021990075802214015,-6.245604015742146e-05,-6.889789928105593e-05,0.00035125469746066784,-0.2840192126628924,-0.3133136051951177,1.5973328178582389,relative,1.0
pap_benchmark_semisyn_contam100,ROBUSTNESS_contaminated_inputs_B4_vs_B4plain,S1_fixed_50pct,B4_plain,B4,censored,4134,0.0019667638642044127,-0.00032356069786365453,-1.2732412407156357e-05,0.0023030569744751928,-0.16451425804212647,-0.006473788052998838,1.1709880460951096,relative,1.0
pap_benchmark_semisyn_contam100,ROBUSTNESS_contaminated_inputs_B4_vs_B4plain,S1_fixed_50pct,B4_plain,B4,clean,5788,-0.0010277723727582927,0.00012403439781037695,-0.00010901333168200633,-0.0010427934388866564,-0.12068275145156762,0.10606758322316145,1.0146151682283995,relative,1.0
pap_benchmark_semisyn_contam100,ROBUSTNESS_contaminated_inputs_B4_vs_B4plain,S2_fixed_70pct,B4_plain,B4,all,9922,-0.0029492966869978238,-2.172529148750796e-06,-0.0002813943522892628,-0.002665729805559819,0.0007366261788203741,0.09541066299969381,0.9038527108214888,relative,1.0
pap_benchmark_semisyn_contam100,ROBUSTNESS_contaminated_inputs_B4_vs_B4plain,S2_fixed_70pct,B4_plain,B4,censored,2998,-0.005105716407638128,0.0005783337005905928,5.3103622147119924e-05,-0.005737153730375838,-0.11327180250853892,-0.010400817026906773,1.1236726195354452,relative,1.0
pap_benchmark_semisyn_contam100,ROBUSTNESS_contaminated_inputs_B4_vs_B4plain,S2_fixed_70pct,B4_plain,B4,clean,6924,-0.0020155956005623032,-0.0002535240133715311,-0.0004262275307064002,-0.001335844056484358,0.12578119008634664,0.2114648050370287,0.6627540048766178,relative,1.0
pap_benchmark_semisyn_contam100,ROBUSTNESS_contaminated_inputs_B4_vs_B4plain,S3_fixed_85pct,B4_plain,B4,all,9922,0.002318589999184134,-0.0009604267910342801,0.0007280770463724169,0.0025509397438460077,-0.4142288163807466,0.3140171598379243,1.1002116565428268,relative,1.0
pap_benchmark_semisyn_contam100,ROBUSTNESS_contaminated_inputs_B4_vs_B4plain,S3_fixed_85pct,B4_plain,B4,censored,2211,0.013896449179054846,-0.002680496160837504,9.888583879697513e-05,0.016478059501095363,-0.19289072527085768,0.007115906914265472,1.1857748183565915,relative,1.0
pap_benchmark_semisyn_contam100,ROBUSTNESS_contaminated_inputs_B4_vs_B4plain,S3_fixed_85pct,B4_plain,B4,clean,7711,-0.0010011670552438345,-0.00046722573064847395,0.0009084870787870597,-0.0014424284033824203,0.4666810880374814,-0.9074280601111044,1.440746972073623,relative,1.0
pap_benchmark_semisyn_contam100,ROBUSTNESS_contaminated_inputs_B4_vs_B4plain,S4_random_uniform,B4_plain,B4,all,9922,-0.0035228513952799967,-0.0027256579527775715,0.001998742160383227,-0.0027959356028856436,0.7737078993537665,-0.5673648803526573,0.7936569809988884,relative,1.0
pap_benchmark_semisyn_contam100,ROBUSTNESS_contaminated_inputs_B4_vs_B4plain,S4_random_uniform,B4_plain,B4,censored,3551,-0.0029703487405395856,-0.003473012366960189,0.00017047900032902388,0.0003321846260915806,1.1692271414329924,-0.057393597594218894,-0.1118335438387739,relative,1.0
pap_benchmark_semisyn_contam100,ROBUSTNESS_contaminated_inputs_B4_vs_B4plain,S4_random_uniform,B4_plain,B4,clean,6371,-0.0038307994296518794,-0.0023091055238398037,0.0030177599725559577,-0.004539453878368033,0.6027737985879469,-0.7877624574122363,1.1849886588242895,relative,1.0
pap_benchmark_semisyn_contam100,ROBUSTNESS_contaminated_inputs_B4_vs_B4plain,S5_wind_triggered,B4_plain,B4,all,9922,0.0032656969187542517,-0.000602291167885724,0.0001174392374184638,0.003750548849221519,-0.18442959737839876,0.03596146254235458,1.1484681348360464,relative,1.0
pap_benchmark_semisyn_contam100,ROBUSTNESS_contaminated_inputs_B4_vs_B4plain,S5_wind_triggered,B4_plain,B4,censored,3167,0.008236844518579034,-0.0015188434473647153,0.0,0.009755687965943727,-0.18439627504668937,0.0,1.1843962750466865,relative,1.0
pap_benchmark_semisyn_contam100,ROBUSTNESS_contaminated_inputs_B4_vs_B4plain,S5_wind_triggered,B4_plain,B4,clean,6755,0.0009350345281332467,-0.0001725767239020154,0.00017249920261524707,0.0009351120494200081,-0.1845672204710524,0.18448431306556537,1.0000829074054796,relative,1.0
pap_benchmark_semisyn_contam100,ROBUSTNESS_contaminated_inputs_censored_likelihood,S1_fixed_50pct,B4,B6,all,9922,-0.09486557927652205,0.012903312408412679,0.008619485384997589,-0.11638837706993234,-0.13601679878853673,-0.09085998789795821,1.2268767866864951,relative,1.0
pap_benchmark_semisyn_contam100,ROBUSTNESS_contaminated_inputs_censored_likelihood,S1_fixed_50pct,B4,B6,censored,4134,-0.2164587793054792,0.025461312583729523,0.009346371468745117,-0.25126646335795383,-0.11762661078207894,-0.04317852802613737,1.1608051388082163,relative,1.0
pap_benchmark_semisyn_contam100,ROBUSTNESS_contaminated_inputs_censored_likelihood,S1_fixed_50pct,B4,B6,clean,5788,-0.00801929577277144,0.003933932186443119,0.00810031692089733,-0.020053544880111886,-0.49055831059384486,-1.010103274704119,2.5006615852979635,relative,1.0
pap_benchmark_semisyn_contam100,ROBUSTNESS_contaminated_inputs_censored_likelihood,S2_fixed_70pct,B4,B6,all,9922,-0.040601482364160946,0.007123163008652369,0.0059809359749977906,-0.05370558134781109,-0.17544095914438845,-0.1473083155278385,1.3227492746722265,relative,1.0
pap_benchmark_semisyn_contam100,ROBUSTNESS_contaminated_inputs_censored_likelihood,S2_fixed_70pct,B4,B6,censored,2998,-0.1339356852346012,0.017302898376573717,0.005837006053669371,-0.15707558966484428,-0.12918811253525175,-0.043580663685300114,1.1727687762205519,relative,1.0
pap_benchmark_semisyn_contam100,ROBUSTNESS_contaminated_inputs_censored_likelihood,S2_fixed_70pct,B4,B6,clean,6924,-0.0001890126637594386,0.0027154728536800676,0.006043255718519248,-0.008947741235958779,-14.366618615227399,-31.972755678480144,47.33937429370767,relative,1.0
pap_benchmark_semisyn_contam100,ROBUSTNESS_contaminated_inputs_censored_likelihood,S3_fixed_85pct,B4,B6,all,9922,-0.014965505097903661,0.0045534003073370785,0.0013806937424154682,-0.020899599147656215,-0.3042597144265388,-0.09225841248812064,1.3965181269146598,relative,1.0
pap_benchmark_semisyn_contam100,ROBUSTNESS_contaminated_inputs_censored_likelihood,S3_fixed_85pct,B4,B6,censored,2211,-0.0689933235457021,0.011914627341630981,0.0018924454311802371,-0.0828003963185133,-0.17269246833338261,-0.027429399453798683,1.200121867787181,relative,1.0
pap_benchmark_semisyn_contam100,ROBUSTNESS_contaminated_inputs_censored_likelihood,S3_fixed_85pct,B4,B6,clean,7711,0.0005260662401954386,0.0024426918424396774,0.0012339575235257132,-0.0031505831257699415,4.643316099379794,2.345631460911246,-5.98894756029102,relative,1.0
pap_benchmark_semisyn_contam100,ROBUSTNESS_contaminated_inputs_censored_likelihood,S4_random_uniform,B4,B6,all,9922,-0.03845336716516068,-0.0011304667360266182,0.007763146722239182,-0.04508604715137325,0.029398380931666183,-0.20188470593214286,1.172486325000477,relative,1.0
pap_benchmark_semisyn_contam100,ROBUSTNESS_contaminated_inputs_censored_likelihood,S4_random_uniform,B4,B6,censored,3551,-0.10390741280714577,0.0003443783974529241,0.00605498748262936,-0.11030677868722806,-0.0033142813217002837,-0.05827291161476166,1.061587192936462,relative,1.0
pap_benchmark_semisyn_contam100,ROBUSTNESS_contaminated_inputs_censored_likelihood,S4_random_uniform,B4,B6,clean,6371,-0.0019712896145894915,-0.0019525001795968333,0.008715222292770414,-0.008734011727763068,0.9904684553433459,-4.421076552257545,4.430608096914197,relative,1.0
pap_benchmark_semisyn_contam100,ROBUSTNESS_contaminated_inputs_censored_likelihood,S5_wind_triggered,B4,B6,all,9922,-0.041764332361227494,0.005132169801332256,0.001994670691987499,-0.048891172854547235,-0.1228840379140546,-0.04776014793520989,1.1706441858492642,relative,1.0
pap_benchmark_semisyn_contam100,ROBUSTNESS_contaminated_inputs_censored_likelihood,S5_wind_triggered,B4,B6,censored,3167,-0.11917703397181253,0.011142688895160182,0.0,-0.13031972286697271,-0.093496947556151,-0.0,1.093496947556151,relative,1.0
pap_benchmark_semisyn_contam100,ROBUSTNESS_contaminated_inputs_censored_likelihood,S5_wind_triggered,B4,B6,clean,6755,-0.005470324070965024,0.0023142106643740043,0.0029298479061287894,-0.010714382641467818,-0.4230481840476688,-0.5355894583429922,1.958637642390661,relative,1.0
pap_benchmark_semisyn_contam100,ROBUSTNESS_contaminated_inputs_censored_likelihood,S1_fixed_50pct,B4,BT,all,9922,-0.09048777814816954,0.014992657063949248,0.0036044158691602903,-0.10908485108127908,-0.16568709466376186,-0.039833179053841136,1.205520273717603,relative,1.0
pap_benchmark_semisyn_contam100,ROBUSTNESS_contaminated_inputs_censored_likelihood,S1_fixed_50pct,B4,BT,censored,4134,-0.20425435314228796,0.029846668115096654,0.004212420535447719,-0.23831344179283231,-0.14612500373152304,-0.02062340640795673,1.1667484101394796,relative,1.0
pap_benchmark_semisyn_contam100,ROBUSTNESS_contaminated_inputs_censored_likelihood,S1_fixed_50pct,B4,BT,clean,5788,-0.009231554750504495,0.004383382412006705,0.003170156834876904,-0.016785093997388104,-0.4748260212362557,-0.3434044340909811,1.8182304553272368,relative,1.0
pap_benchmark_semisyn_contam100,ROBUSTNESS_contaminated_inputs_censored_likelihood,S2_fixed_70pct,B4,BT,all,9922,-0.037352754761167214,0.01078992909003212,0.0014165977247998993,-0.04955928157599923,-0.28886568498154197,-0.037924852768091606,1.3267905377496334,relative,1.0
pap_benchmark_semisyn_contam100,ROBUSTNESS_contaminated_inputs_censored_likelihood,S2_fixed_70pct,B4,BT,censored,2998,-0.11939670200100481,0.025846813769099693,0.0021412850504286974,-0.1473848008205332,-0.21647845657313192,-0.017934206008560244,1.2344126625816922,relative,1.0
pap_benchmark_semisyn_contam100,ROBUSTNESS_contaminated_inputs_censored_likelihood,S2_fixed_70pct,B4,BT,clean,6924,-0.0018288157338660627,0.004270498086588359,0.0011028177418081105,-0.007202131562262546,-2.335116659107395,-0.6030228860054623,3.9381395451128647,relative,1.0
pap_benchmark_semisyn_contam100,ROBUSTNESS_contaminated_inputs_censored_likelihood,S3_fixed_85pct,B4,BT,all,9922,-0.012783655171313885,0.00729259098002507,0.00029973946394102127,-0.02037598561527999,-0.5704621160612507,-0.023447086136493035,1.5939092021977448,relative,1.0
pap_benchmark_semisyn_contam100,ROBUSTNESS_contaminated_inputs_censored_likelihood,S3_fixed_85pct,B4,BT,censored,2211,-0.06004814085695649,0.01825369539950946,0.0031377713963867907,-0.08143960765285271,-0.30398435553554354,-0.0522542638557524,1.3562386193912954,relative,1.0
pap_benchmark_semisyn_contam100,ROBUSTNESS_contaminated_inputs_censored_likelihood,S3_fixed_85pct,B4,BT,clean,7711,0.0007686438626577918,0.0041496780152371,-0.0005140186222524143,-0.0028670155303268906,5.398700512469427,-0.668734438957279,-3.7299660735121427,relative,1.0
pap_benchmark_semisyn_contam100,ROBUSTNESS_contaminated_inputs_censored_likelihood,S4_random_uniform,B4,BT,all,9922,-0.03571972294789799,0.0007560556999349557,0.005509126025808496,-0.04198490467364144,-0.021166337181219585,-0.1542320480437179,1.1753983852249372,relative,1.0
pap_benchmark_semisyn_contam100,ROBUSTNESS_contaminated_inputs_censored_likelihood,S4_random_uniform,B4,BT,censored,3551,-0.0961271780309521,0.0043000380542959,0.004138016667733515,-0.10456523275298155,-0.04473280233932724,-0.04304731245102306,1.0877801147903507,relative,1.0
pap_benchmark_semisyn_contam100,ROBUSTNESS_contaminated_inputs_censored_likelihood,S4_random_uniform,B4,BT,clean,6371,-0.002050460194809728,-0.0012192513696515639,0.006273340329767726,-0.00710454915492589,0.5946232815139842,-3.059479206495818,3.4648559249818334,relative,1.0
pap_benchmark_semisyn_contam100,ROBUSTNESS_contaminated_inputs_censored_likelihood,S5_wind_triggered,B4,BT,all,9922,-0.055939896690354,0.007767209446731996,0.001243283180337425,-0.06495038931742342,-0.13884919183398017,-0.022225339228268734,1.1610745310622488,relative,1.0
pap_benchmark_semisyn_contam100,ROBUSTNESS_contaminated_inputs_censored_likelihood,S5_wind_triggered,B4,BT,censored,3167,-0.16384770843048221,0.015494089686271821,1.6975034367714884e-05,-0.17935877315112175,-0.09456396939994861,-0.00010360251315273721,1.0946675719131014,relative,1.0
pap_benchmark_semisyn_contam100,ROBUSTNESS_contaminated_inputs_censored_likelihood,S5_wind_triggered,B4,BT,clean,6755,-0.0053486250721473255,0.004144555158260857,0.0018182229136144146,-0.0113114031440226,-0.7748823487074095,-0.3399421139243264,2.1148244626317365,relative,1.0
pap_benchmark_semisyn_contam100,ROBUSTNESS_contaminated_inputs_censored_likelihood,S1_fixed_50pct,B1,B6,all,9922,-0.013782902425957894,0.0008600885902257521,0.007065941851800784,-0.021708932867984424,-0.06240257412008611,-0.5126599342743087,1.5750625083943943,relative,1.0
pap_benchmark_semisyn_contam100,ROBUSTNESS_contaminated_inputs_censored_likelihood,S1_fixed_50pct,B1,B6,censored,4134,-0.04038483495060628,-0.0019199646440536539,0.005609303432491872,-0.044074173739044493,0.04754172318400995,-0.1388962822146599,1.0913545590306497,relative,1.0
pap_benchmark_semisyn_contam100,ROBUSTNESS_contaminated_inputs_censored_likelihood,S1_fixed_50pct,B1,B6,clean,5788,0.005217164791888745,0.0028457036680611114,0.008106325961238073,-0.00573486483741043,0.5454502170384568,1.5537799330857207,-1.099230150124176,relative,1.0
pap_benchmark_semisyn_contam100,ROBUSTNESS_contaminated_inputs_censored_likelihood,S2_fixed_70pct,B1,B6,all,9922,-0.01681745692127075,0.0010382315478425497,0.007322637527525612,-0.025178325996638894,-0.061735347544098214,-0.4354188366175582,1.4971541841616556,relative,1.0
pap_benchmark_semisyn_contam100,ROBUSTNESS_contaminated_inputs_censored_likelihood,S2_fixed_70pct,B1,B6,censored,2998,-0.06429377743342124,-0.0026239789539750508,0.004359709335552225,-0.06602950781499842,0.040812331437397424,-0.06780919568875661,1.0269968642513592,relative,1.0
pap_benchmark_semisyn_contam100,ROBUSTNESS_contaminated_inputs_censored_likelihood,S2_fixed_70pct,B1,B6,clean,6924,0.0037391590370520894,0.0026239200349091538,0.008605546065875727,-0.007490307063732798,0.7017406879215875,2.3014656452431193,-2.0032063331647083,relative,1.0
pap_benchmark_semisyn_contam100,ROBUSTNESS_contaminated_inputs_censored_likelihood,S3_fixed_85pct,B1,B6,all,9922,-0.010364362778571237,0.00024749479052843526,0.004366277375358272,-0.014978134944457943,-0.02387940250799994,-0.4212779375482434,1.4451573400562432,relative,1.0
pap_benchmark_semisyn_contam100,ROBUSTNESS_contaminated_inputs_censored_likelihood,S3_fixed_85pct,B1,B6,censored,2211,-0.05364251531437028,-0.005673501607234881,0.0016754706161478316,-0.04964448432328324,0.10576501817607736,-0.031234005458707307,0.9254689872826302,relative,1.0
pap_benchmark_semisyn_contam100,ROBUSTNESS_contaminated_inputs_censored_likelihood,S3_fixed_85pct,B1,B6,clean,7711,0.002044922042677838,0.0019452412612137732,0.005137821110880809,-0.00503814032941674,0.9512544833574524,2.5124777393238915,-2.463732222681342,relative,1.0
pap_benchmark_semisyn_contam100,ROBUSTNESS_contaminated_inputs_censored_likelihood,S4_random_uniform,B1,B6,all,9922,-0.009460623792663353,0.0024947524235473806,0.004438574976935259,-0.016393951193145996,-0.263698512721967,-0.46916303556826167,1.732861548290229,relative,1.0
pap_benchmark_semisyn_contam100,ROBUSTNESS_contaminated_inputs_censored_likelihood,S4_random_uniform,B1,B6,censored,3551,-0.030588247296311932,0.0007594542919362249,0.002681958563668942,-0.03402966015191709,-0.02482830364810714,-0.08767938017789956,1.1125076838260064,relative,1.0
pap_benchmark_semisyn_contam100,ROBUSTNESS_contaminated_inputs_censored_likelihood,S4_random_uniform,B1,B6,clean,6371,0.002315265559315313,0.0034619543801242547,0.005417659089870231,-0.006564347910679169,1.4952731302011197,2.3399730834645074,-2.835246213665626,relative,1.0
pap_benchmark_semisyn_contam100,ROBUSTNESS_contaminated_inputs_censored_likelihood,S5_wind_triggered,B1,B6,all,9922,-0.003657575798105356,-0.0017233307818302693,0.0016316559491529915,-0.0035659009654280815,0.47116748276904175,-0.4461031128864638,0.974935630117423,relative,1.0
pap_benchmark_semisyn_contam100,ROBUSTNESS_contaminated_inputs_censored_likelihood,S5_wind_triggered,B1,B6,censored,3167,-0.01187962368294318,-0.004096508953703729,0.0,-0.007783114729239454,0.3448349091718719,-0.0,0.6551650908281285,relative,1.0
pap_benchmark_semisyn_contam100,ROBUSTNESS_contaminated_inputs_censored_likelihood,S5_wind_triggered,B1,B6,clean,6755,0.0001972318482723473,-0.0006106949164974423,0.0023966380943739422,-0.0015887113296041491,-3.096330140628025,12.151374716443097,-8.055044575815055,relative,1.0
pap_benchmark_semisyn_contam100,ROBUSTNESS_contaminated_inputs_B6_vs_BT,S1_fixed_50pct,BT,B6,all,9922,-0.00437780112835251,-0.0020893446555365694,0.005015069515837299,-0.007303525988653251,0.47725892389334024,-1.145568144554938,1.6683092206616006,relative,1.0
pap_benchmark_semisyn_contam100,ROBUSTNESS_contaminated_inputs_B6_vs_BT,S1_fixed_50pct,BT,B6,censored,4134,-0.012204426163191243,-0.004385355531367131,0.005133950933297398,-0.0129530215651215,0.35932500821656316,-0.4206630336116483,1.0613380253950844,relative,1.0
pap_benchmark_semisyn_contam100,ROBUSTNESS_contaminated_inputs_B6_vs_BT,S1_fixed_50pct,BT,B6,clean,5788,0.001212258977733055,-0.0004494502255635857,0.004930160086020426,-0.003268450882723784,-0.37075429740604215,4.066919838564454,-2.6961655411584107,relative,1.0
pap_benchmark_semisyn_contam100,ROBUSTNESS_contaminated_inputs_B6_vs_BT,S2_fixed_70pct,BT,B6,all,9922,-0.003248727602993731,-0.003666766081379752,0.004564338250197891,-0.0041462997718118635,1.1286776022713614,-1.4049618213579413,1.2762842190865777,relative,1.0
pap_benchmark_semisyn_contam100,ROBUSTNESS_contaminated_inputs_B6_vs_BT,S2_fixed_70pct,BT,B6,censored,2998,-0.014538983233596384,-0.008543915392525976,0.0036957210032406733,-0.009690788844311071,0.5876556328081369,-0.2541939105274348,0.6665382777192972,relative,1.0
pap_benchmark_semisyn_contam100,ROBUSTNESS_contaminated_inputs_B6_vs_BT,S2_fixed_70pct,BT,B6,clean,6924,0.001639803070106624,-0.0015550252329082914,0.004940437976711138,-0.0017456096736962329,-0.9482999887341227,3.01282395842197,-1.0645239696878535,relative,1.0
pap_benchmark_semisyn_contam100,ROBUSTNESS_contaminated_inputs_B6_vs_BT,S3_fixed_85pct,BT,B6,all,9922,-0.0021818499265897767,-0.002739190672687991,0.001080954278474447,-0.0005236135323762256,1.255444125329617,-0.49543016928023753,0.23998604395061746,relative,1.0
pap_benchmark_semisyn_contam100,ROBUSTNESS_contaminated_inputs_B6_vs_BT,S3_fixed_85pct,BT,B6,censored,2211,-0.008945182688745612,-0.00633906805787848,-0.0012453259652065534,-0.0013607886656605839,0.7086571933129977,0.13921749935564326,0.1521253073313596,relative,1.0
pap_benchmark_semisyn_contam100,ROBUSTNESS_contaminated_inputs_B6_vs_BT,S3_fixed_85pct,BT,B6,clean,7711,-0.00024257762246235326,-0.0017069861727974228,0.0017479761457781275,-0.00028356759544305096,7.036865789474616,-7.205842517684845,1.1689767282102006,relative,1.0
pap_benchmark_semisyn_contam100,ROBUSTNESS_contaminated_inputs_B6_vs_BT,S4_random_uniform,BT,B6,all,9922,-0.0027336442172626874,-0.001886522435961574,0.0022540206964306864,-0.003101142477731817,0.6901126430602692,-0.8245479357543213,1.1344352926940584,relative,1.0
pap_benchmark_semisyn_contam100,ROBUSTNESS_contaminated_inputs_B6_vs_BT,S4_random_uniform,BT,B6,censored,3551,-0.007780234776193676,-0.003955659656842976,0.0019169708148958449,-0.005741545934246521,0.5084242019208325,-0.24638984170008357,0.7379656397792481,relative,1.0
pap_benchmark_semisyn_contam100,ROBUSTNESS_contaminated_inputs_B6_vs_BT,S4_random_uniform,BT,B6,clean,6371,7.917058022023638e-05,-0.0007332488099452694,0.002441881963002688,-0.0016294625728371787,-9.261632388009803,30.843300076996673,-20.581667688986826,relative,1.0
pap_benchmark_semisyn_contam100,ROBUSTNESS_contaminated_inputs_B6_vs_BT,S5_wind_triggered,BT,B6,all,9922,0.014175564329126505,-0.0026350396453997393,0.0007513875116500739,0.016059216462876183,-0.18588604899386815,0.05300582708416055,1.1328802219097085,relative,1.0
pap_benchmark_semisyn_contam100,ROBUSTNESS_contaminated_inputs_B6_vs_BT,S5_wind_triggered,BT,B6,censored,3167,0.04467067445866968,-0.00435140079111164,-1.6975034367714884e-05,0.04903905028414904,-0.09741068035893782,-0.00038000398636068433,1.0977906843452987,relative,1.0
pap_benchmark_semisyn_contam100,ROBUSTNESS_contaminated_inputs_B6_vs_BT,S5_wind_triggered,BT,B6,clean,6755,-0.00012169899881769863,-0.0018303444938868527,0.0011116249925143748,0.0005970205025547827,15.03993058010816,-9.134216413559448,-4.905714166548742,relative,1.0
pap_benchmark_semisyn_contam100,ROBUSTNESS_contaminated_inputs_B6_vs_BQR,S1_fixed_50pct,BQR,B6,all,9922,-0.07676914915183315,0.009658459718628769,0.009467303622907408,-0.09589491249336936,-0.12581173329831202,-0.12332172138814619,1.2491334546864585,relative,1.0
pap_benchmark_semisyn_contam100,ROBUSTNESS_contaminated_inputs_B6_vs_BQR,S1_fixed_50pct,BQR,B6,censored,4134,-0.17756473361828656,0.01626581318779802,0.009395864422472677,-0.20322641122855722,-0.09160497614782488,-0.052915149483855846,1.1445201256316806,relative,1.0
pap_benchmark_semisyn_contam100,ROBUSTNESS_contaminated_inputs_B6_vs_BQR,S1_fixed_50pct,BQR,B6,clean,5788,-0.004777278698426438,0.004939247686571814,0.009518328096749348,-0.01923485448174759,-1.0339040274536897,-1.992416331055699,4.026320358509387,relative,1.0
pap_benchmark_semisyn_contam100,ROBUSTNESS_contaminated_inputs_B6_vs_BQR,S2_fixed_70pct,BQR,B6,all,9922,-0.031597749877224385,0.0031206147022912953,0.007679989968910179,-0.04239835454842586,-0.09876066221223652,-0.24305496431712392,1.3418156265293604,relative,1.0
pap_benchmark_semisyn_contam100,ROBUSTNESS_contaminated_inputs_B6_vs_BQR,S2_fixed_70pct,BQR,B6,censored,2998,-0.10992664303844593,0.004626380608450026,0.005915851453317121,-0.12046887510021306,-0.04208607195283847,-0.053816356888548855,1.0959024288413872,relative,1.0
pap_benchmark_semisyn_contam100,ROBUSTNESS_contaminated_inputs_B6_vs_BQR,S2_fixed_70pct,BQR,B6,clean,6924,0.0023176200963952454,0.002468638072212745,0.008443838505846627,-0.008594856481664147,1.065160798377779,3.6433229583139672,-3.7084837566917552,relative,1.0
pap_benchmark_semisyn_contam100,ROBUSTNESS_contaminated_inputs_B6_vs_BQR,S3_fixed_85pct,BQR,B6,all,9922,-0.010278222462781345,0.00018484032519829052,0.005111778780539981,-0.015574841568519609,-0.01798368597951826,-0.4973407414609223,1.5153244274404398,relative,1.0
pap_benchmark_semisyn_contam100,ROBUSTNESS_contaminated_inputs_B6_vs_BQR,S3_fixed_85pct,BQR,B6,censored,2211,-0.05492188412590725,-0.00274769114858062,0.001977945333797432,-0.05415213831112405,0.05002907661145777,-0.03601379241220193,0.9859847158007441,relative,1.0
pap_benchmark_semisyn_contam100,ROBUSTNESS_contaminated_inputs_B6_vs_BQR,S3_fixed_85pct,BQR,B6,clean,7711,0.0025225992123802943,0.0010256945708895307,0.006010352992801397,-0.00451344835131063,0.4066022719168685,2.3826032146938236,-1.7892054866106908,relative,1.0
pap_benchmark_semisyn_contam100,ROBUSTNESS_contaminated_inputs_B6_vs_BQR,S4_random_uniform,BQR,B6,all,9922,-0.05240183346278364,0.005848879823212326,0.006750670035084075,-0.06500138332108003,-0.11161593854089599,-0.12882507326539394,1.2404410118062899,relative,1.0
pap_benchmark_semisyn_contam100,ROBUSTNESS_contaminated_inputs_B6_vs_BQR,S4_random_uniform,BQR,B6,censored,3551,-0.1452972597899565,0.009546139711997453,0.0060927125935694906,-0.16093611209552344,-0.0657007553053476,-0.04193274258838185,1.1076334978937294,relative,1.0
pap_benchmark_semisyn_contam100,ROBUSTNESS_contaminated_inputs_B6_vs_BQR,S4_random_uniform,BQR,B6,clean,6371,-0.0006247719515937444,0.0037881405569941615,0.007117395333281894,-0.011530307841869786,-6.063237229729841,-11.391989213225681,18.4552264429555,relative,1.0
pap_benchmark_semisyn_contam100,ROBUSTNESS_contaminated_inputs_B6_vs_BQR,S5_wind_triggered,BQR,B6,all,9922,-0.02757669985238774,0.0006698851047889781,0.002339719340474519,-0.030586304297651246,-0.024291706708008277,-0.08484406593241915,1.1091357726404278,relative,1.0
pap_benchmark_semisyn_contam100,ROBUSTNESS_contaminated_inputs_B6_vs_BQR,S5_wind_triggered,BQR,B6,censored,3167,-0.08090462516751099,-0.0007746706530595525,0.0,-0.08012995451445146,0.00957510959918072,-0.0,0.9904248904008196,relative,1.0
pap_benchmark_semisyn_contam100,ROBUSTNESS_contaminated_inputs_B6_vs_BQR,S5_wind_triggered,BQR,B6,clean,6755,-0.0025745474507599952,0.0013471475896307678,0.0034366684376296378,-0.007358363478020408,-0.5232560733083772,-1.3348631180268782,2.858119191335258,relative,1.0
pap_benchmark_semisyn_contam100,ROBUSTNESS_contaminated_inputs_B6_vs_persistence,S1_fixed_50pct,B0_persistence,B6,all,9922,-0.1384489674180831,0.036575204398631635,-0.020357273335615596,-0.1546668984810991,-0.26417823896210924,0.1470381015854127,1.1171401373766963,relative,1.0
pap_benchmark_semisyn_contam100,ROBUSTNESS_contaminated_inputs_B6_vs_persistence,S1_fixed_50pct,B0_persistence,B6,censored,4134,-0.25639440573758737,0.03651182603817717,0.007493589770337019,-0.30039982154610156,-0.14240492468289662,-0.02922680683605282,1.1716317315189495,relative,1.0
pap_benchmark_semisyn_contam100,ROBUSTNESS_contaminated_inputs_B6_vs_persistence,S1_fixed_50pct,B0_persistence,B6,clean,5788,-0.054208047927269215,0.036620471527539514,-0.04024937217459419,-0.05057914728021453,-0.6755541460683678,0.742498092323794,0.9330560537445737,relative,1.0
pap_benchmark_semisyn_contam100,ROBUSTNESS_contaminated_inputs_B6_vs_persistence,S2_fixed_70pct,B0_persistence,B6,all,9922,-0.0872045936838886,0.03496872271991766,-0.030091907875536242,-0.09208140852827001,-0.4009963379529888,0.34507250827424985,1.055923829678739,relative,1.0
pap_benchmark_semisyn_contam100,ROBUSTNESS_contaminated_inputs_B6_vs_persistence,S2_fixed_70pct,B0_persistence,B6,censored,2998,-0.16853312412699484,0.0316470460945989,0.005081461970301221,-0.20526163219189497,-0.18777938318375853,-0.03015111715648364,1.2179305003402423,relative,1.0
pap_benchmark_semisyn_contam100,ROBUSTNESS_contaminated_inputs_B6_vs_persistence,S2_fixed_70pct,B0_persistence,B6,clean,6924,-0.05199042062374526,0.03640696456317382,-0.04532150966609383,-0.04307587552082526,-0.7002629354867326,0.8717280822574153,0.8285348532293174,relative,1.0
pap_benchmark_semisyn_contam100,ROBUSTNESS_contaminated_inputs_B6_vs_persistence,S3_fixed_85pct,B0_persistence,B6,all,9922,-0.062089437916898235,0.0349895249404007,-0.03984750621677428,-0.057231456640524675,-0.5635342517874199,0.641775921213959,0.9217583305734611,relative,1.0
pap_benchmark_semisyn_contam100,ROBUSTNESS_contaminated_inputs_B6_vs_persistence,S3_fixed_85pct,B0_persistence,B6,censored,2211,-0.09074623234887909,0.02900279387425068,0.0013974869752674283,-0.1211465131983972,-0.319603284054238,-0.015399944869277983,1.3350032289235159,relative,1.0
pap_benchmark_semisyn_contam100,ROBUSTNESS_contaminated_inputs_B6_vs_persistence,S3_fixed_85pct,B0_persistence,B6,clean,7711,-0.05387258245209346,0.03670611972541661,-0.051673816675548004,-0.03890488550196208,-0.6813506621491139,0.9591858107321897,0.7221648514169244,relative,1.0
pap_benchmark_semisyn_contam100,ROBUSTNESS_contaminated_inputs_B6_vs_persistence,S4_random_uniform,B0_persistence,B6,all,9922,-0.11366052522846516,0.03617311695731745,-0.027664584078507266,-0.12216905810727537,-0.31825576104462916,0.24339658841888706,1.0748591726257422,relative,1.0
pap_benchmark_semisyn_contam100,ROBUSTNESS_contaminated_inputs_B6_vs_persistence,S4_random_uniform,B0_persistence,B6,censored,3551,-0.22062564828068046,0.03496714530113049,0.0038107428255970133,-0.25940353640740793,-0.15849084444001363,-0.017272437974885754,1.1757632824148994,relative,1.0
pap_benchmark_semisyn_contam100,ROBUSTNESS_contaminated_inputs_B6_vs_persistence,S4_random_uniform,B0_persistence,B6,clean,6371,-0.05404144628349318,0.03684528857105469,-0.045207965939514067,-0.04567876891503382,-0.6817968634253408,0.836542488192488,0.8452543752328532,relative,1.0
pap_benchmark_semisyn_contam100,ROBUSTNESS_contaminated_inputs_B6_vs_persistence,S5_wind_triggered,B0_persistence,B6,all,9922,-0.09479401542725559,0.031038496162720766,-0.03020470604314182,-0.09562780554683453,-0.32743096726965365,0.3186351575782835,1.00879580969137,relative,1.0
pap_benchmark_semisyn_contam100,ROBUSTNESS_contaminated_inputs_B6_vs_persistence,S5_wind_triggered,B0_persistence,B6,censored,3167,-0.16261981602889783,0.02551191873023733,-5.685985747067229e-05,-0.1880748749016645,-0.15688075016456676,0.00034964900870732875,1.1565311011558594,relative,1.0
pap_benchmark_semisyn_contam100,ROBUSTNESS_contaminated_inputs_B6_vs_persistence,S5_wind_triggered,B0_persistence,B6,clean,6755,-0.06299470965295492,0.03362956510849058,-0.04433915887364079,-0.05228511588780471,-0.5338474499487291,0.7038552779735044,0.8299921719752248,relative,1.0
pap_benchmark_semisyn_contam100,ROBUSTNESS_contaminated_inputs_oracle_gap,S1_fixed_50pct,B6,ORACLE,all,9922,9.581758589831402e-05,-0.0023495510361666305,-0.00019208560348246,0.0026374542255474115,-24.521083620913608,-2.0047009291833966,27.525784550097075,relative,1.0
pap_benchmark_semisyn_contam100,ROBUSTNESS_contaminated_inputs_oracle_gap,S1_fixed_50pct,B6,ORACLE,censored,4134,0.0023168103226558073,-0.0027007473341706945,0.00020733365722672321,0.00481022399959978,-1.1657179302769907,0.08949099337102935,2.076226936905962,relative,1.0
pap_benchmark_semisyn_contam100,ROBUSTNESS_contaminated_inputs_oracle_gap,S1_fixed_50pct,B6,ORACLE,clean,5788,-0.0014904961621589469,-0.0020987138737705094,-0.00047736535879893544,0.0010855830704104962,1.408063923311667,0.32027278628311495,-0.7283367095947808,relative,1.0
pap_benchmark_semisyn_contam100,ROBUSTNESS_contaminated_inputs_oracle_gap,S2_fixed_70pct,B6,ORACLE,all,9922,0.0003535867626699579,-0.0009238102589188973,-0.0004550170897369525,0.0017324141113258078,-2.612683381988462,-1.2868612113787496,4.899544593367212,relative,1.0
pap_benchmark_semisyn_contam100,ROBUSTNESS_contaminated_inputs_oracle_gap,S2_fixed_70pct,B6,ORACLE,censored,2998,0.003055567991950253,-0.0005260397225936506,-0.00032321704378581156,0.0039048247583297196,-0.17215775396897628,-0.10577969288764358,1.2779374468566214,relative,1.0
pap_benchmark_semisyn_contam100,ROBUSTNESS_contaminated_inputs_oracle_gap,S2_fixed_70pct,B6,ORACLE,clean,6924,-0.0008163352080669539,-0.0010960396159239646,-0.0005120847583911306,0.0007917891662481535,1.3426342574631058,0.6272971609343236,-0.9699314183974443,relative,1.0
pap_benchmark_semisyn_contam100,ROBUSTNESS_contaminated_inputs_oracle_gap,S3_fixed_85pct,B6,ORACLE,all,9922,2.417482457395259e-05,-0.0004720285025554688,0.00023564816079587464,0.0002605551663335502,-19.525622662183064,9.74766787138452,10.77795479079869,relative,1.0
pap_benchmark_semisyn_contam100,ROBUSTNESS_contaminated_inputs_oracle_gap,S3_fixed_85pct,B6,ORACLE,censored,2211,0.0008997310737271641,-5.728919116140818e-06,-2.608964764189408e-05,0.0009315496404851895,-0.006367368298627935,-0.028997161933973115,1.0353645302325905,relative,1.0
pap_benchmark_semisyn_contam100,ROBUSTNESS_contaminated_inputs_oracle_gap,S3_fixed_85pct,B6,ORACLE,clean,7711,-0.00022687625399919753,-0.0006057320921008386,0.0003106970901767467,6.815874792488047e-05,2.669878761763146,-1.3694561890018055,-0.3004225727612796,relative,1.0
pap_benchmark_semisyn_contam100,ROBUSTNESS_contaminated_inputs_oracle_gap,S4_random_uniform,B6,ORACLE,all,9922,-0.00012108031607004077,-0.00126239559381406,-0.0003858633524463917,0.0015271786301904247,10.426100912090515,3.186838001175873,-12.612938913266502,relative,1.0
pap_benchmark_semisyn_contam100,ROBUSTNESS_contaminated_inputs_oracle_gap,S4_random_uniform,B6,ORACLE,censored,3551,0.0004755768707511848,-0.001675671972801808,0.00014603323149268554,0.002005215612060303,-3.523451361616987,0.30706546191370204,4.216385899703276,relative,1.0
pap_benchmark_semisyn_contam100,ROBUSTNESS_contaminated_inputs_oracle_gap,S4_random_uniform,B6,ORACLE,clean,6371,-0.00045363873239433194,-0.0010320480154456038,-0.0006823261949464206,0.0012607354779976855,2.2750438658498,1.5041180265738394,-2.779161892423624,relative,1.0
pap_benchmark_semisyn_contam100,ROBUSTNESS_contaminated_inputs_oracle_gap,S5_wind_triggered,B6,ORACLE,all,9922,-0.030291491902999373,0.003465515073429612,0.005430172976891445,-0.03918717995332044,-0.11440555930777602,-0.17926396607602432,1.2936695253838006,relative,1.0
pap_benchmark_semisyn_contam100,ROBUSTNESS_contaminated_inputs_oracle_gap,S5_wind_triggered,B6,ORACLE,censored,3167,-0.11163998279875423,0.0028202425381076875,0.0016789564788414716,-0.11613918181570337,-0.025261939919782556,-0.015039024879357172,1.0403009647991397,relative,1.0
pap_benchmark_semisyn_contam100,ROBUSTNESS_contaminated_inputs_oracle_gap,S5_wind_triggered,B6,ORACLE,clean,6755,0.007847763562116167,0.0037680432924325075,0.007188885434230345,-0.0031091651645466754,0.48014230584393985,0.9160425613398381,-0.39618486718377666,relative,1.0
