dataset,bin_left_ms,bin_right_ms,n_records,n_free,free_support
S0_no_curtailment,0.0,1.0,0,0,
S0_no_curtailment,1.0,2.0,0,0,
S0_no_curtailment,2.0,3.0,0,0,
S0_no_curtailment,3.0,4.0,31,31,1.0
S0_no_curtailment,4.0,5.0,1926,1926,1.0
S0_no_curtailment,5.0,6.0,7672,7672,1.0
S0_no_curtailment,6.0,7.0,11788,11788,1.0
S0_no_curtailment,7.0,8.0,13050,13050,1.0
S0_no_curtailment,8.0,9.0,11794,11794,1.0
S0_no_curtailment,9.0,10.0,9552,9552,1.0
S0_no_curtailment,10.0,11.0,7459,7459,1.0
S0_no_curtailment,11.0,12.0,5447,5447,1.0
S0_no_curtailment,12.0,13.0,3145,3145,1.0
S0_no_curtailment,13.0,14.0,1984,1984,1.0
S0_no_curtailment,14.0,15.0,1186,1186,1.0
S0_no_curtailment,15.0,16.0,576,576,1.0
S0_no_curtailment,16.0,17.0,273,273,1.0
S0_no_curtailment,17.0,18.0,83,83,1.0
S0_no_curtailment,18.0,19.0,27,27,1.0
S0_no_curtailment,19.0,20.0,14,14,1.0
S0_no_curtailment,20.0,21.0,21,21,1.0
S0_no_curtailment,21.0,22.0,25,25,1.0
S0_no_curtailment,22.0,23.0,17,17,1.0
S0_no_curtailment,23.0,24.0,15,15,1.0
S0_no_curtailment,24.0,25.0,8,8,1.0
S0_no_curtailment,25.0,26.0,1,1,1.0
S0_no_curtailment,26.0,27.0,1,1,1.0
S0_no_curtailment,27.0,28.0,0,0,
S0_no_curtailment,28.0,29.0,0,0,
S0_no_curtailment,29.0,30.0,0,0,
S0_no_curtailment,30.0,31.0,0,0,
S0_no_curtailment,31.0,32.0,0,0,
S0_no_curtailment,32.0,33.0,0,0,
S0_no_curtailment,33.0,34.0,0,0,
S0_no_curtailment,34.0,35.0,0,0,
S0_no_curtailment,35.0,36.0,0,0,
S0_no_curtailment,36.0,37.0,0,0,
S0_no_curtailment,37.0,38.0,0,0,
S1_fixed_50pct,0.0,1.0,0,0,
S1_fixed_50pct,1.0,2.0,0,0,
S1_fixed_50pct,2.0,3.0,0,0,
S1_fixed_50pct,3.0,4.0,31,31,1.0
S1_fixed_50pct,4.0,5.0,1926,1926,1.0
S1_fixed_50pct,5.0,6.0,7672,7672,1.0
S1_fixed_50pct,6.0,7.0,11788,11788,1.0
S1_fixed_50pct,7.0,8.0,13050,13050,1.0
S1_fixed_50pct,8.0,9.0,11794,11765,0.9975411226047143
S1_fixed_50pct,9.0,10.0,9552,7569,0.7923994974874372
S1_fixed_50pct,10.0,11.0,7459,3154,0.42284488537337445
S1_fixed_50pct,11.0,12.0,5447,2354,0.4321644942170002
S1_fixed_50pct,12.0,13.0,3145,1277,0.40604133545310017
S1_fixed_50pct,13.0,14.0,1984,745,0.3755040322580645
S1_fixed_50pct,14.0,15.0,1186,427,0.3600337268128162
S1_fixed_50pct,15.0,16.0,576,210,0.3645833333333333
S1_fixed_50pct,16.0,17.0,273,116,0.4249084249084249
S1_fixed_50pct,17.0,18.0,83,42,0.5060240963855421
S1_fixed_50pct,18.0,19.0,27,16,0.5925925925925926
S1_fixed_50pct,19.0,20.0,14,9,0.6428571428571429
S1_fixed_50pct,20.0,21.0,21,10,0.47619047619047616
S1_fixed_50pct,21.0,22.0,25,5,0.2
S1_fixed_50pct,22.0,23.0,17,3,0.17647058823529413
S1_fixed_50pct,23.0,24.0,15,5,0.3333333333333333
S1_fixed_50pct,24.0,25.0,8,0,0.0
S1_fixed_50pct,25.0,26.0,1,0,0.0
S1_fixed_50pct,26.0,27.0,1,0,0.0
S1_fixed_50pct,27.0,28.0,0,0,
S1_fixed_50pct,28.0,29.0,0,0,
S1_fixed_50pct,29.0,30.0,0,0,
S1_fixed_50pct,30.0,31.0,0,0,
S1_fixed_50pct,31.0,32.0,0,0,
S1_fixed_50pct,32.0,33.0,0,0,
S1_fixed_50pct,33.0,34.0,0,0,
S1_fixed_50pct,34.0,35.0,0,0,
S1_fixed_50pct,35.0,36.0,0,0,
S1_fixed_50pct,36.0,37.0,0,0,
S1_fixed_50pct,37.0,38.0,0,0,
S2_fixed_70pct,0.0,1.0,0,0,
S2_fixed_70pct,1.0,2.0,0,0,
S2_fixed_70pct,2.0,3.0,0,0,
S2_fixed_70pct,3.0,4.0,31,31,1.0
S2_fixed_70pct,4.0,5.0,1926,1926,1.0
S2_fixed_70pct,5.0,6.0,7672,7672,1.0
S2_fixed_70pct,6.0,7.0,11788,11788,1.0
S2_fixed_70pct,7.0,8.0,13050,13050,1.0
S2_fixed_70pct,8.0,9.0,11794,11794,1.0
S2_fixed_70pct,9.0,10.0,9552,9547,0.9994765494137353
S2_fixed_70pct,10.0,11.0,7459,6991,0.9372570049604505
S2_fixed_70pct,11.0,12.0,5447,2557,0.4694327152561043
S2_fixed_70pct,12.0,13.0,3145,1277,0.40604133545310017
S2_fixed_70pct,13.0,14.0,1984,745,0.3755040322580645
S2_fixed_70pct,14.0,15.0,1186,427,0.3600337268128162
S2_fixed_70pct,15.0,16.0,576,210,0.3645833333333333
S2_fixed_70pct,16.0,17.0,273,116,0.4249084249084249
S2_fixed_70pct,17.0,18.0,83,42,0.5060240963855421
S2_fixed_70pct,18.0,19.0,27,16,0.5925925925925926
S2_fixed_70pct,19.0,20.0,14,9,0.6428571428571429
S2_fixed_70pct,20.0,21.0,21,10,0.47619047619047616
S2_fixed_70pct,21.0,22.0,25,5,0.2
S2_fixed_70pct,22.0,23.0,17,3,0.17647058823529413
S2_fixed_70pct,23.0,24.0,15,5,0.3333333333333333
S2_fixed_70pct,24.0,25.0,8,0,0.0
S2_fixed_70pct,25.0,26.0,1,0,0.0
S2_fixed_70pct,26.0,27.0,1,0,0.0
S2_fixed_70pct,27.0,28.0,0,0,
S2_fixed_70pct,28.0,29.0,0,0,
S2_fixed_70pct,29.0,30.0,0,0,
S2_fixed_70pct,30.0,31.0,0,0,
S2_fixed_70pct,31.0,32.0,0,0,
S2_fixed_70pct,32.0,33.0,0,0,
S2_fixed_70pct,33.0,34.0,0,0,
S2_fixed_70pct,34.0,35.0,0,0,
S2_fixed_70pct,35.0,36.0,0,0,
S2_fixed_70pct,36.0,37.0,0,0,
S2_fixed_70pct,37.0,38.0,0,0,
S3_fixed_85pct,0.0,1.0,0,0,
S3_fixed_85pct,1.0,2.0,0,0,
S3_fixed_85pct,2.0,3.0,0,0,
S3_fixed_85pct,3.0,4.0,31,31,1.0
S3_fixed_85pct,4.0,5.0,1926,1926,1.0
S3_fixed_85pct,5.0,6.0,7672,7672,1.0
S3_fixed_85pct,6.0,7.0,11788,11788,1.0
S3_fixed_85pct,7.0,8.0,13050,13050,1.0
S3_fixed_85pct,8.0,9.0,11794,11794,1.0
S3_fixed_85pct,9.0,10.0,9552,9552,1.0
S3_fixed_85pct,10.0,11.0,7459,7457,0.999731867542566
S3_fixed_85pct,11.0,12.0,5447,5002,0.9183036533871856
S3_fixed_85pct,12.0,13.0,3145,1385,0.44038155802861684
S3_fixed_85pct,13.0,14.0,1984,746,0.37600806451612906
S3_fixed_85pct,14.0,15.0,1186,427,0.3600337268128162
S3_fixed_85pct,15.0,16.0,576,210,0.3645833333333333
S3_fixed_85pct,16.0,17.0,273,116,0.4249084249084249
S3_fixed_85pct,17.0,18.0,83,42,0.5060240963855421
S3_fixed_85pct,18.0,19.0,27,16,0.5925925925925926
S3_fixed_85pct,19.0,20.0,14,9,0.6428571428571429
S3_fixed_85pct,20.0,21.0,21,10,0.47619047619047616
S3_fixed_85pct,21.0,22.0,25,5,0.2
S3_fixed_85pct,22.0,23.0,17,3,0.17647058823529413
S3_fixed_85pct,23.0,24.0,15,5,0.3333333333333333
S3_fixed_85pct,24.0,25.0,8,0,0.0
S3_fixed_85pct,25.0,26.0,1,0,0.0
S3_fixed_85pct,26.0,27.0,1,0,0.0
S3_fixed_85pct,27.0,28.0,0,0,
S3_fixed_85pct,28.0,29.0,0,0,
S3_fixed_85pct,29.0,30.0,0,0,
S3_fixed_85pct,30.0,31.0,0,0,
S3_fixed_85pct,31.0,32.0,0,0,
S3_fixed_85pct,32.0,33.0,0,0,
S3_fixed_85pct,33.0,34.0,0,0,
S3_fixed_85pct,34.0,35.0,0,0,
S3_fixed_85pct,35.0,36.0,0,0,
S3_fixed_85pct,36.0,37.0,0,0,
S3_fixed_85pct,37.0,38.0,0,0,
S4_random_uniform,0.0,1.0,0,0,
S4_random_uniform,1.0,2.0,0,0,
S4_random_uniform,2.0,3.0,0,0,
S4_random_uniform,3.0,4.0,31,31,1.0
S4_random_uniform,4.0,5.0,1926,1926,1.0
S4_random_uniform,5.0,6.0,7672,7672,1.0
S4_random_uniform,6.0,7.0,11788,11788,1.0
S4_random_uniform,7.0,8.0,13050,13009,0.9968582375478927
S4_random_uniform,8.0,9.0,11794,11082,0.9396303205019502
S4_random_uniform,9.0,10.0,9552,7689,0.804962311557789
S4_random_uniform,10.0,11.0,7459,5124,0.6869553559458372
S4_random_uniform,11.0,12.0,5447,2944,0.540480998714889
S4_random_uniform,12.0,13.0,3145,1301,0.4136724960254372
S4_random_uniform,13.0,14.0,1984,745,0.3755040322580645
S4_random_uniform,14.0,15.0,1186,427,0.3600337268128162
S4_random_uniform,15.0,16.0,576,210,0.3645833333333333
S4_random_uniform,16.0,17.0,273,116,0.4249084249084249
S4_random_uniform,17.0,18.0,83,42,0.5060240963855421
S4_random_uniform,18.0,19.0,27,16,0.5925925925925926
S4_random_uniform,19.0,20.0,14,9,0.6428571428571429
S4_random_uniform,20.0,21.0,21,10,0.47619047619047616
S4_random_uniform,21.0,22.0,25,5,0.2
S4_random_uniform,22.0,23.0,17,3,0.17647058823529413
S4_random_uniform,23.0,24.0,15,5,0.3333333333333333
S4_random_uniform,24.0,25.0,8,0,0.0
S4_random_uniform,25.0,26.0,1,0,0.0
S4_random_uniform,26.0,27.0,1,0,0.0
S4_random_uniform,27.0,28.0,0,0,
S4_random_uniform,28.0,29.0,0,0,
S4_random_uniform,29.0,30.0,0,0,
S4_random_uniform,30.0,31.0,0,0,
S4_random_uniform,31.0,32.0,0,0,
S4_random_uniform,32.0,33.0,0,0,
S4_random_uniform,33.0,34.0,0,0,
S4_random_uniform,34.0,35.0,0,0,
S4_random_uniform,35.0,36.0,0,0,
S4_random_uniform,36.0,37.0,0,0,
S4_random_uniform,37.0,38.0,0,0,
S5_wind_triggered,0.0,1.0,0,0,
S5_wind_triggered,1.0,2.0,0,0,
S5_wind_triggered,2.0,3.0,0,0,
S5_wind_triggered,3.0,4.0,31,31,1.0
S5_wind_triggered,4.0,5.0,1926,1926,1.0
S5_wind_triggered,5.0,6.0,7672,7672,1.0
S5_wind_triggered,6.0,7.0,11788,11788,1.0
S5_wind_triggered,7.0,8.0,13050,13050,1.0
S5_wind_triggered,8.0,9.0,11794,11794,1.0
S5_wind_triggered,9.0,10.0,9552,9552,1.0
S5_wind_triggered,10.0,11.0,7459,7459,1.0
S5_wind_triggered,11.0,12.0,5447,5447,1.0
S5_wind_triggered,12.0,13.0,3145,10,0.003179650238473768
S5_wind_triggered,13.0,14.0,1984,1,0.0005040322580645161
S5_wind_triggered,14.0,15.0,1186,0,0.0
S5_wind_triggered,15.0,16.0,576,1,0.001736111111111111
S5_wind_triggered,16.0,17.0,273,0,0.0
S5_wind_triggered,17.0,18.0,83,0,0.0
S5_wind_triggered,18.0,19.0,27,0,0.0
S5_wind_triggered,19.0,20.0,14,0,0.0
S5_wind_triggered,20.0,21.0,21,0,0.0
S5_wind_triggered,21.0,22.0,25,0,0.0
S5_wind_triggered,22.0,23.0,17,0,0.0
S5_wind_triggered,23.0,24.0,15,0,0.0
S5_wind_triggered,24.0,25.0,8,0,0.0
S5_wind_triggered,25.0,26.0,1,0,0.0
S5_wind_triggered,26.0,27.0,1,0,0.0
S5_wind_triggered,27.0,28.0,0,0,
S5_wind_triggered,28.0,29.0,0,0,
S5_wind_triggered,29.0,30.0,0,0,
S5_wind_triggered,30.0,31.0,0,0,
S5_wind_triggered,31.0,32.0,0,0,
S5_wind_triggered,32.0,33.0,0,0,
S5_wind_triggered,33.0,34.0,0,0,
S5_wind_triggered,34.0,35.0,0,0,
S5_wind_triggered,35.0,36.0,0,0,
S5_wind_triggered,36.0,37.0,0,0,
S5_wind_triggered,37.0,38.0,0,0,
ALTA2_real,0.0,1.0,0,0,
ALTA2_real,1.0,2.0,0,0,
ALTA2_real,2.0,3.0,0,0,
ALTA2_real,3.0,4.0,387,387,1.0
ALTA2_real,4.0,5.0,12184,12184,1.0
ALTA2_real,5.0,6.0,20230,20050,0.9911023232822541
ALTA2_real,6.0,7.0,17736,17251,0.9726544880469102
ALTA2_real,7.0,8.0,15707,14658,0.933214490354619
ALTA2_real,8.0,9.0,14505,12543,0.864736297828335
ALTA2_real,9.0,10.0,13447,9847,0.7322822934483528
ALTA2_real,10.0,11.0,14559,7679,0.5274400714334776
ALTA2_real,11.0,12.0,16330,5592,0.3424372320881813
ALTA2_real,12.0,13.0,14724,3250,0.22072806302635153
ALTA2_real,13.0,14.0,11327,2053,0.18124834466319414
ALTA2_real,14.0,15.0,7734,1225,0.15839151797258857
ALTA2_real,15.0,16.0,4987,590,0.11830759975937437
ALTA2_real,16.0,17.0,3041,275,0.09043077934889839
ALTA2_real,17.0,18.0,1694,84,0.049586776859504134
ALTA2_real,18.0,19.0,1095,29,0.026484018264840183
ALTA2_real,19.0,20.0,664,17,0.025602409638554216
ALTA2_real,20.0,21.0,408,25,0.061274509803921566
ALTA2_real,21.0,22.0,243,36,0.14814814814814814
ALTA2_real,22.0,23.0,121,24,0.19834710743801653
ALTA2_real,23.0,24.0,57,21,0.3684210526315789
ALTA2_real,24.0,25.0,29,11,0.3793103448275862
ALTA2_real,25.0,26.0,16,2,0.125
ALTA2_real,26.0,27.0,9,1,0.1111111111111111
ALTA2_real,27.0,28.0,4,1,0.25
ALTA2_real,28.0,29.0,0,0,
ALTA2_real,29.0,30.0,0,0,
ALTA2_real,30.0,31.0,0,0,
ALTA2_real,31.0,32.0,0,0,
ALTA2_real,32.0,33.0,0,0,
ALTA2_real,33.0,34.0,0,0,
ALTA2_real,34.0,35.0,0,0,
ALTA2_real,35.0,36.0,0,0,
ALTA2_real,36.0,37.0,0,0,
ALTA2_real,37.0,38.0,0,0,
