run,scenario,model,window_type,n_runs,n_windows,wis_mean_seedmean,wis_mean_seedsd,dispersion_mean_seedmean,dispersion_mean_seedsd,dispersion_share_seedmean,dispersion_share_seedsd,overprediction_mean_seedmean,overprediction_mean_seedsd,overprediction_share_seedmean,overprediction_share_seedsd,underprediction_mean_seedmean,underprediction_mean_seedsd,underprediction_share_seedmean,underprediction_share_seedsd
pap_benchmark_semisyn,S1_fixed_50pct,B0_persistence,all,1,9922,0.2135139622298839,0.0,0.0,0.0,0.0,0.0,0.04012543555387408,0.0,0.18792886017764152,0.0,0.1733885266760098,0.0,0.8120711398223583,0.0
pap_benchmark_semisyn,S1_fixed_50pct,B0_persistence,censored,1,4134,0.3298068854554111,0.0,0.0,0.0,0.0,0.0,0.0020336277627921876,0.0,0.00616611675642875,0.0,0.3277732576926189,0.0,0.9938338832435712,0.0
pap_benchmark_semisyn,S1_fixed_50pct,B0_persistence,clean,1,5788,0.13045332908988225,0.0,0.0,0.0,0.0,0.0,0.06733198935628122,0.0,0.5161385288212118,0.0,0.06312133973360103,0.0,0.48386147117878814,0.0
pap_benchmark_semisyn,S1_fixed_50pct,B0_climatology,all,1,9922,0.26553956151485686,0.0,0.04722222247057492,0.0,0.17783497947040502,0.0,0.002670500889839687,0.0,0.010056885213656847,0.0,0.21564683815444233,0.0,0.8121081353159384,0.0
pap_benchmark_semisyn,S1_fixed_50pct,B0_climatology,censored,1,4134,0.3734877548403752,0.0,0.04722222247057492,0.0,0.12643579838583252,0.0,0.0,0.0,0.0,0.0,0.3262655323698003,0.0,0.8735642016141676,0.0
pap_benchmark_semisyn,S1_fixed_50pct,B0_climatology,clean,1,5788,0.1884390378093122,0.0,0.04722222247057491,0.0,0.2505968138001249,0.0,0.004577869700931129,0.0,0.024293637635549963,0.0,0.13663894563780618,0.0,0.7251095485643252,0.0
pap_benchmark_semisyn,S1_fixed_50pct,B1,all,5,9922,0.08930273935920498,0.00501697979553127,0.03580839450393279,0.0009054991802894272,0.401861565402919,0.022182442294810912,0.012292242361992606,0.0013467480098872957,0.1385542433309431,0.0211035070906215,0.04120210249327957,0.006175371696504342,0.4595841912661378,0.04076759194684699
pap_benchmark_semisyn,S1_fixed_50pct,B1,censored,5,4134,0.11468871324642871,0.011690992043756013,0.039065215444495774,0.00134222951100923,0.34278731648273886,0.028834676710265916,0.003634711393699693,0.0008257307269724285,0.03239553314285182,0.009184456245475777,0.07198878640823324,0.011939553676496231,0.6248171503744093,0.03640544125169505
pap_benchmark_semisyn,S1_fixed_50pct,B1,clean,5,5788,0.07117115400160598,0.0002856961074737213,0.03348225459925287,0.0007017197990444849,0.4704478813723517,0.009735846671278808,0.01847576569007189,0.0018635729270742335,0.259665667028808,0.026934588710995352,0.019213133712281217,0.0022530131078875018,0.2698864515988403,0.03076393670317888
pap_benchmark_semisyn,S1_fixed_50pct,B4_plain,all,5,9922,0.16734615532301925,0.009123590778208424,0.023345709998621077,0.000365853916418579,0.13979725233700588,0.006984380145214259,0.011487589474055662,0.0007390408225872634,0.06899437340477552,0.008032539172863383,0.13251285585034253,0.009697672241919239,0.7912083742582187,0.01477422102926657
pap_benchmark_semisyn,S1_fixed_50pct,B4_plain,censored,5,4134,0.2821581241940626,0.019101343328022078,0.011805853962614698,0.0014994196715804654,0.042275787721787514,0.008152993906518623,0.00018832505899546307,7.044818580017245e-05,0.0006823248869175069,0.00029515674600888377,0.27016394517245246,0.020629002435831295,0.9570418873912949,0.008433092401621545
pap_benchmark_semisyn,S1_fixed_50pct,B4_plain,clean,5,5788,0.08534327361726714,0.0020003803794255755,0.03158789466566503,0.0013610149169097712,0.37000775976820877,0.008258622317019626,0.01955793485965671,0.0012258366242971779,0.22952927648925583,0.019490418709566637,0.0341974440919454,0.0019624587374626537,0.4004629637425354,0.01384186920544838
pap_benchmark_semisyn,S1_fixed_50pct,B4,all,5,9922,0.17157162250171273,0.0022080302387922873,0.02316143037010873,0.0007931514465721425,0.13501249706650284,0.004899242963069148,0.011406270760036858,0.0011935318710108956,0.06655688751241728,0.007840657509521308,0.13700392137156717,0.003323304690517742,0.7984306154210798,0.009365739804133886
pap_benchmark_semisyn,S1_fixed_50pct,B4,censored,5,4134,0.29330196282517723,0.0046909441928796695,0.010558668039717105,0.0005398493630947176,0.03601556525672069,0.002127201207705224,0.0001901680786353455,8.465934350794384e-05,0.0006518429871575058,0.00030337754774936184,0.2825531267068248,0.004989140335262281,0.9633325917561218,0.00230605447819656
pap_benchmark_semisyn,S1_fixed_50pct,B4,clean,5,5788,0.08462738841442831,0.0004844563395611795,0.032162781350384986,0.0011334673228960237,0.380059507813136,0.013504675345669688,0.01941721901244077,0.001991168528180019,0.22953373547234637,0.02468891022381804,0.033047388051602546,0.0022274919830100447,0.39040675671451763,0.024400947554424072
pap_benchmark_semisyn,S1_fixed_50pct,B6,all,5,9922,0.07556610433452067,0.0005674322940822125,0.03690747389731534,0.0015516287104322777,0.4883663592174212,0.018719562308401473,0.018554375544470748,0.0023126576428352833,0.2457234182154201,0.03233041148969141,0.020104254892734576,0.0020848680360673263,0.2659102225671586,0.025750564689424764
pap_benchmark_semisyn,S1_fixed_50pct,B6,censored,5,4134,0.07544131436510022,0.0028510574794176342,0.03740932648964533,0.002200238421113064,0.4958881331886949,0.022917940053470573,0.008176421799698434,0.0021421549738028507,0.10927911336268102,0.03236219579485007,0.029855566075756453,0.0035746289252716608,0.394832753448624,0.03296661190787526
pap_benchmark_semisyn,S1_fixed_50pct,B6,clean,5,5788,0.07565523386692981,0.001128985327378796,0.03654903253299396,0.0012126735975542817,0.48317778579644305,0.017358134834718958,0.025966687358722432,0.0024516033185478818,0.34296241819334317,0.02822450268436242,0.013139513975213422,0.0010367550217674543,0.17385979601021376,0.01618587020113497
pap_benchmark_semisyn,S1_fixed_50pct,BQR,all,5,9922,0.15448474502983373,0.0030732302320571796,0.026707706573799343,0.0012330003419774244,0.17300422532194634,0.010342002849576872,0.009802188967267218,0.0008257138233929091,0.06343138548228484,0.004877114348874028,0.11797484948876716,0.0033696107340456865,0.7635643891957687,0.007519556837805056
pap_benchmark_semisyn,S1_fixed_50pct,BQR,censored,5,4134,0.25654758464067007,0.007886672919225363,0.019976682269824887,0.0016144425729230545,0.07804368680821328,0.008464457909814907,0.00011547067175243181,2.8559424171928524e-05,0.000448380266316443,0.00010105121381721998,0.23645543169909278,0.009104726318485424,0.9215079329254703,0.008386751818014548
pap_benchmark_semisyn,S1_fixed_50pct,BQR,clean,5,5788,0.08158775488622666,0.0004676704168993871,0.03151524881164149,0.0011220117976217573,0.386248392543889,0.01260268798932694,0.016720795296510157,0.0013976898054078553,0.20501522399090097,0.018123424317531948,0.03335171077807502,0.0010802330440801396,0.40873638346521013,0.011091814129268124
pap_benchmark_semisyn,S1_fixed_50pct,BT,all,5,9922,0.07874053411965337,0.0008043478336601783,0.03824913307929603,0.001347011786359473,0.48574311729664127,0.015591064045796717,0.01665970456303928,0.004817429158531674,0.21204909967089955,0.06393365462167423,0.02383169647731806,0.005098787554669038,0.30220778303245915,0.06273264626174711
pap_benchmark_semisyn,S1_fixed_50pct,BT,censored,5,4134,0.08287513358152271,0.0060853609563045015,0.04017474944913045,0.0015047381377663238,0.4864238941885321,0.03176137867269961,0.005755480452839331,0.0030379071761013794,0.07213197142130535,0.04630213167409434,0.03694490367955292,0.008291637305702811,0.4414441343901625,0.07443906741301023
pap_benchmark_semisyn,S1_fixed_50pct,BT,clean,5,5788,0.07578745288686696,0.0030704410123309875,0.03687378786974257,0.0013194200241651447,0.48719288672470185,0.026454807699370773,0.024447897802770898,0.006129681361918347,0.32055729530160554,0.06488439227620792,0.01446576721435349,0.002922110616006884,0.1922498179736926,0.044085691713647096
pap_benchmark_semisyn,S1_fixed_50pct,ORACLE,all,5,9922,0.07501143911445561,0.00039917473374495447,0.03488184275774035,0.0012191527207317397,0.4650330328243091,0.01650584046710004,0.018895545107483938,0.0011094907602810064,0.2519513905822394,0.015761507609365823,0.021234051249231316,0.0012945984233052928,0.2830155765934515,0.01583088260286463
pap_benchmark_semisyn,S1_fixed_50pct,ORACLE,censored,5,4134,0.0755474028088257,0.0017036687391112574,0.03461849686747798,0.0015476496337369346,0.4583145997086591,0.020058471430591824,0.009184551956717291,0.000942343741525995,0.1217508055521895,0.014421823102447533,0.03174435398463042,0.002042784858541609,0.41993459473915135,0.019045128079678817
pap_benchmark_semisyn,S1_fixed_50pct,ORACLE,clean,5,5788,0.0746286343610821,0.000557921435204362,0.035069933965470944,0.0010389806151194095,0.4699434057709624,0.014235599407361828,0.02583148942076475,0.0013302471706723303,0.3460593119816351,0.015683413635287347,0.013727210974846395,0.0008027005957755572,0.18399728224740242,0.01187913770025877
pap_benchmark_semisyn,S2_fixed_70pct,B0_persistence,all,1,9922,0.16165526773922506,0.0,0.0,0.0,0.0,0.0,0.05063993304650994,0.0,0.31325878676715924,0.0,0.11101533469271513,0.0,0.6867412132328408,0.0
pap_benchmark_semisyn,S2_fixed_70pct,B0_persistence,censored,1,2998,0.23463809676344113,0.0,0.0,0.0,0.0,0.0,0.0008842526395134801,0.0,0.0037685808558401805,0.0,0.23375384412392766,0.0,0.9962314191441598,0.0
pap_benchmark_semisyn,S2_fixed_70pct,B0_persistence,clean,1,6924,0.1300546725031477,0.0,0.0,0.0,0.0,0.0,0.07218348155317883,0.0,0.555024130728035,0.0,0.05787119094996887,0.0,0.444975869271965,0.0
pap_benchmark_semisyn,S2_fixed_70pct,B0_climatology,all,1,9922,0.24201162562139528,0.0,0.053222223371267335,0.0,0.21991597814614314,0.0,0.002670500889839687,0.0,0.011034597544571836,0.0,0.18611890136028833,0.0,0.7690494243092854,0.0
pap_benchmark_semisyn,S2_fixed_70pct,B0_climatology,censored,1,2998,0.4111497237224119,0.0,0.05322222337126733,0.0,0.12944730423119624,0.0,0.0,0.0,0.0,0.0,0.35792750035114457,0.0,0.8705526957688038,0.0
pap_benchmark_semisyn,S2_fixed_70pct,B0_climatology,clean,1,6924,0.1687770765014,0.0,0.05322222337126733,0.0,0.31534035589735937,0.0,0.0038267922918817695,0.0,0.022673649592751574,0.0,0.11172806083825092,0.0,0.6619859945098892,0.0
pap_benchmark_semisyn,S2_fixed_70pct,B1,all,5,9922,0.08837911472573545,0.004789652707747132,0.033932303095347345,0.0008105296793299132,0.385024023039961,0.02645512928760471,0.013701006956769773,0.0013493502688384147,0.15602673403055983,0.023332688646050436,0.040745804673618324,0.00657024215111887,0.4589492429294791,0.04942839060688266
pap_benchmark_semisyn,S2_fixed_70pct,B1,censored,5,2998,0.12176388143571376,0.015075879539458752,0.03417977165949083,0.0009073215585477007,0.28438783466526385,0.038627783087649185,0.0016992267973118507,0.0005248442842486063,0.01446624638734122,0.005534766867584348,0.08588488297891109,0.015868325533679877,0.701145918947395,0.043271291709259765
pap_benchmark_semisyn,S2_fixed_70pct,B1,clean,5,6924,0.07392395432762526,0.0003799840822858004,0.03382515249521705,0.000875897847208565,0.4576147249458066,0.013762574726837257,0.018897618296754588,0.0017675708903329126,0.255730282007974,0.025073140655740074,0.021201183535653617,0.00276688341408517,0.2866549930462194,0.035965498535473234
pap_benchmark_semisyn,S2_fixed_70pct,B4_plain,all,5,9922,0.11892109463973512,0.0037969577704963817,0.027200597871682577,0.0007331528441858703,0.22906298697064265,0.013319255843765863,0.014364396462933637,0.0007309081820633443,0.12089153154818079,0.007313339143948109,0.07735610030511891,0.004534120777741173,0.6500454814811766,0.017744732383935067
pap_benchmark_semisyn,S2_fixed_70pct,B4_plain,censored,5,2998,0.2079800191675947,0.010068057399820751,0.014015024567300294,0.0012960144236856372,0.06773090179527577,0.009529560678273019,0.00012063356177853331,4.242139426689478e-05,0.0005882163904954252,0.00023040567536547333,0.19384436103851588,0.011235224303226064,0.9316808818142287,0.009698342676208902
pap_benchmark_semisyn,S2_fixed_70pct,B4_plain,clean,5,6924,0.08035976365554637,0.0010888982103206175,0.03290977591422129,0.0006073255525186354,0.40965890169947455,0.01250349431543153,0.020531756540585717,0.0010386897012685866,0.25554096211362715,0.013534772826515424,0.02691823120073935,0.0019697840286565507,0.3348001361868983,0.020720674105885645
pap_benchmark_semisyn,S2_fixed_70pct,B4,all,5,9922,0.11432296791501198,0.005926451287903393,0.02792435206435328,0.0007398625805091239,0.2449166595357084,0.01688566239373744,0.015205689944219582,0.0009154498004113984,0.13316674881774235,0.008596657291146096,0.07119292590643912,0.006027774968552156,0.6219165916465493,0.022129758562160803
pap_benchmark_semisyn,S2_fixed_70pct,B4,censored,5,2998,0.19728362915136008,0.016955769876169296,0.014076472971955353,0.0021415313130009996,0.072448468077125,0.01664576230845339,0.00012766739541168924,3.953380427718224e-05,0.0006586646448662598,0.00022562752247796508,0.18307948878399305,0.018928179948569483,0.9268928672780087,0.01680233331028809
pap_benchmark_semisyn,S2_fixed_70pct,B4,clean,5,6924,0.07840210390770816,0.0013797809984517964,0.033920299712968095,0.0008761046411866749,0.4326640770627142,0.009225844084182385,0.021734273364399544,0.0013200750783657162,0.27709161058563114,0.013473199396515378,0.02274753083034052,0.0011325551823281844,0.29024431235165465,0.016173045656409153
pap_benchmark_semisyn,S2_fixed_70pct,B6,all,5,9922,0.07456374978635831,0.0002169877193112148,0.03537336781761984,0.0014129307596344412,0.4744130922640082,0.019144108577562106,0.019355957029452142,0.0012102728613319052,0.2596171109922823,0.01676538402077801,0.019834424939286326,0.0016497098106203437,0.26596979674370946,0.02153372336377016
pap_benchmark_semisyn,S2_fixed_70pct,B6,censored,5,2998,0.06859758904955264,0.0020546498352700987,0.03282712166193801,0.001567313936496391,0.4790016973602686,0.029083354022496143,0.0051019140942580405,0.0006839359159952396,0.07443740851828318,0.01040751713893726,0.030668553293356594,0.0025546566956768614,0.4465608941214483,0.024877372138609678
pap_benchmark_semisyn,S2_fixed_70pct,B6,clean,5,6924,0.07714701811231778,0.0006653370856126824,0.0364758585707588,0.0013781553505558951,0.4727871058848723,0.01661840022853695,0.02552776822525109,0.0015780105144887339,0.33080808171671633,0.018234780423032566,0.015143391316307892,0.0012589189637996299,0.1964048123984114,0.01785733772297226
pap_benchmark_semisyn,S2_fixed_70pct,BQR,all,5,9922,0.10446597644266137,0.0021305346321562287,0.03171744187900794,0.0015354946386361963,0.3038072213347464,0.018236755598280717,0.01278299420784823,0.0008425062254673396,0.12242115732403105,0.008658890941841418,0.059965540355805196,0.0029677671454082883,0.5737716213412225,0.017646226625764636
pap_benchmark_semisyn,S2_fixed_70pct,BQR,censored,5,2998,0.1708636874187641,0.00676772072789087,0.027160420274489956,0.001842245370792178,0.15927769484514115,0.014596975913318221,5.00883326927379e-05,1.82151347894294e-05,0.00029337417485771533,0.0001083748979036259,0.14365317881158138,0.007596440115818673,0.840428930980001,0.014546631878697987
pap_benchmark_semisyn,S2_fixed_70pct,BQR,clean,5,6924,0.0757166498241813,0.0002753997808905131,0.03369057168408375,0.001420872375923335,0.44495854352446224,0.018789474026229495,0.018296173268176962,0.0012028348456483609,0.2416778892729334,0.016604162611041678,0.023729904871920587,0.0013454982297234435,0.31336356720260433,0.016814727711598105
pap_benchmark_semisyn,S2_fixed_70pct,BT,all,5,9922,0.07843775812305717,0.001066979348393348,0.038636660289765715,0.0012556956519483434,0.49276786710188464,0.02128794339732061,0.014648798453847279,0.0012305576762679194,0.18695203116059225,0.018311321326807795,0.025152299379444184,0.0031800065384841843,0.32028010173752314,0.03677152049403172
pap_benchmark_semisyn,S2_fixed_70pct,BT,censored,5,2998,0.08402079658079419,0.004667069720355399,0.04077219361296587,0.0008805305600897576,0.48669202096143294,0.03408058489159346,0.0019846904371465324,0.0009623949747534286,0.02416428712772558,0.01297235154695233,0.04126391253068178,0.0058975193576100695,0.48914369191084145,0.04541480180080569
pap_benchmark_semisyn,S2_fixed_70pct,BT,clean,5,6924,0.07602037665334378,0.0004952853071551903,0.03771200273590176,0.0015191667663551516,0.49602602022105685,0.017970238248321845,0.02013218895559032,0.0014031330582600168,0.26474566796809695,0.016803114223906623,0.018176184961851704,0.0020736831697531245,0.23922831181084622,0.02848939359707635
pap_benchmark_semisyn,S2_fixed_70pct,ORACLE,all,5,9922,0.0754062633679145,0.0008022684077473496,0.03478755402576583,0.0008966293368476583,0.4613807549384436,0.013083354051741027,0.017609087597579516,0.0017485867945989707,0.23373829231374274,0.025593761405738425,0.023009621744569157,0.002637998418401141,0.3048809527478137,0.031774274257972385
pap_benchmark_semisyn,S2_fixed_70pct,ORACLE,censored,5,2998,0.07329407544801216,0.004033831514696314,0.032806374524469356,0.0011082151984583733,0.4484494511011077,0.024423983156339486,0.004515806286499875,0.0006793055536037689,0.06203369610614345,0.011687269751948585,0.03597189463704292,0.004182491406309068,0.48951685279274887,0.030625683461553886
pap_benchmark_semisyn,S2_fixed_70pct,ORACLE,clean,5,6924,0.07632081267234364,0.0006344391440255761,0.03564537842566284,0.0009228890145929068,0.46703073214831214,0.010562292805367324,0.02327830443331273,0.0022718650430560584,0.30485113310006645,0.02767723706502614,0.01739712981336807,0.002030074092982029,0.22811813475162143,0.028339538422015233
pap_benchmark_semisyn,S3_fixed_85pct,B0_persistence,all,1,9922,0.13712125692897278,0.0,0.0,0.0,0.0,0.0,0.05866546640869075,0.0,0.4278364107986465,0.0,0.07845579052028205,0.0,0.5721635892013537,0.0
pap_benchmark_semisyn,S3_fixed_85pct,B0_persistence,censored,1,2211,0.15465415648910483,0.0,0.0,0.0,0.0,0.0,0.0006016963534309874,0.0,0.003890592836884898,0.0,0.15405246013567384,0.0,0.996109407163115,0.0
pap_benchmark_semisyn,S3_fixed_85pct,B0_persistence,clean,1,7711,0.13209399186251553,0.0,0.0,0.0,0.0,0.0,0.07531427922054126,0.0,0.5701567358107321,0.0,0.056779712641974275,0.0,0.429843264189268,0.0
pap_benchmark_semisyn,S3_fixed_85pct,B0_climatology,all,1,9922,0.22681651398334798,0.0,0.05566666879587701,0.0,0.24542599574545904,0.0,0.002670500889839687,0.0,0.01177383799327656,0.0,0.16847934429763123,0.0,0.7428001662612641,0.0
pap_benchmark_semisyn,S3_fixed_85pct,B0_climatology,censored,1,2211,0.4208472561094368,0.0,0.055666668795877026,0.0,0.13227285669031785,0.0,0.0,0.0,0.0,0.0,0.3651805873135597,0.0,0.8677271433096819,0.0
pap_benchmark_semisyn,S3_fixed_85pct,B0_climatology,clean,1,7711,0.17118145097715132,0.0,0.055666668795877006,0.0,0.3251910091783671,0.0,0.00343622225768245,0.0,0.020073566604719952,0.0,0.11207855992359181,0.0,0.6547354242169127,0.0
pap_benchmark_semisyn,S3_fixed_85pct,B1,all,5,9922,0.08400257702198402,0.002006104575086302,0.03563650257693889,0.0016193714047595899,0.4244816457728179,0.023131528581788158,0.014460191402377646,0.0013505449651880104,0.17228324132305922,0.01715070988807639,0.03390588304266748,0.0026168345489178584,0.4032351129041229,0.022007267722283317
pap_benchmark_semisyn,S3_fixed_85pct,B1,censored,5,2211,0.1115013153364661,0.008628844642384122,0.03578307467499261,0.002254879305500438,0.3227277135155613,0.03496802110751553,0.0003471245555531662,0.00013449212745354013,0.0031767787672427566,0.0013927704788626535,0.07537111610592032,0.009401058490285726,0.674095507717196,0.03539328987139355
pap_benchmark_semisyn,S3_fixed_85pct,B1,clean,5,7711,0.07611777473780298,0.0002063417163017828,0.03559447548462963,0.001452762688508032,0.46761276531248736,0.018733389395165525,0.018506876760739588,0.0017105180004350524,0.24317022797693433,0.02292515206024466,0.022016422492433782,0.001118958199975158,0.2892170067105784,0.014049441862854192
pap_benchmark_semisyn,S3_fixed_85pct,B4_plain,all,5,9922,0.08786783127534731,0.00418628968390151,0.03104816742946242,0.0017721421858504557,0.35473138097789375,0.03718109355707337,0.016605856640792078,0.0008619562627931656,0.18921726776722547,0.011085372906216357,0.040213807205092815,0.005598640757992276,0.4560513512548808,0.043162242451592656
pap_benchmark_semisyn,S3_fixed_85pct,B4_plain,censored,5,2211,0.1193134080532466,0.018625925356906596,0.021342189059322687,0.003399014628687036,0.18673151981661756,0.06365936559442911,2.1012632491822353e-05,2.935926311553789e-05,0.00017321007555744962,0.00023808203392077618,0.09795020636143208,0.021940627793607774,0.8130952701078249,0.06360230622009633
pap_benchmark_semisyn,S3_fixed_85pct,B4_plain,clean,5,7711,0.07885133921777562,0.0008272416205050187,0.03383119403773358,0.0013208493588651303,0.4290551507849801,0.01622667189284626,0.021361282668849638,0.0011035885145664894,0.2709716864406703,0.015251347560229018,0.023658862511192397,0.0015649395031210656,0.29997316277434954,0.018351817968502618
pap_benchmark_semisyn,S3_fixed_85pct,B4,all,5,9922,0.09018143451556887,0.001780980493260945,0.03074851690467006,0.001303525146828524,0.3410455420462399,0.015258995744593582,0.01705457226503059,0.0010733817355460388,0.18913802464478782,0.011768032570807033,0.04237834534586823,0.0015348575365209736,0.4698164333089724,0.00882543878809729
pap_benchmark_semisyn,S3_fixed_85pct,B4,censored,5,2211,0.13448664986160636,0.007445814055075857,0.018127455102026395,0.002188178770636301,0.13538471706329466,0.019853273177577936,0.00012878709548957095,4.3170578196093314e-05,0.0009685149480463568,0.000350367632592208,0.11623040766409039,0.008497781452462442,0.863646767988659,0.020119769898685632
pap_benchmark_semisyn,S3_fixed_85pct,B4,clean,5,7711,0.0774776566488734,0.00034707532261856155,0.0343673948252569,0.0012890310274360488,0.4435900227760657,0.0169720412405954,0.02190775745629699,0.00138266517279839,0.28273861377172443,0.01736568528969184,0.02120250436731951,0.0008095189026386772,0.27367136345220977,0.010728465364534538
pap_benchmark_semisyn,S3_fixed_85pct,B6,all,5,9922,0.07474285887088178,0.00046836477236126005,0.034415650890080106,0.0005577269539605632,0.4604955705578213,0.009727142659579127,0.0197134380754771,0.0017926488686343205,0.26383775806972376,0.025125275050041675,0.02061376990532458,0.0022778878695714115,0.275666671372455,0.028918178333833925
pap_benchmark_semisyn,S3_fixed_85pct,B6,censored,5,2211,0.061937394181757005,0.004605857776916283,0.02827144044920891,0.001425723667210699,0.4574771201626368,0.023001189986183994,0.00212798862398806,0.00046445596266980673,0.034828121606410585,0.00944369783419823,0.03153796510856004,0.0039341210531579325,0.5076947582309527,0.027216674721715954
pap_benchmark_semisyn,S3_fixed_85pct,B6,clean,5,7711,0.07841461122824851,0.00092770278192989,0.03617740024616442,0.0006378020052191281,0.46138600262834806,0.008107528604590979,0.024755770942451842,0.002205043568281714,0.31549162639307465,0.02459744384371392,0.017481440039632243,0.0018159513616676658,0.22312237097857723,0.025093734825099783
pap_benchmark_semisyn,S3_fixed_85pct,BQR,all,5,9922,0.08305093211906793,0.0018231889655521518,0.03411578361890306,0.0009479076874419756,0.41110543313383185,0.019545601121013705,0.0154103531689186,0.0008868133729525064,0.18577658036264422,0.01436001970451959,0.03352479533124628,0.003401483487926352,0.40311798650352393,0.03261566017806727
pap_benchmark_semisyn,S3_fixed_85pct,BQR,censored,5,2211,0.10907979022594509,0.008603949254562284,0.029859857055384752,0.0009782382103667565,0.2754871624673728,0.028846242937150542,5.0172783500663335e-05,4.04996011669714e-05,0.00048385456135498374,0.0004150298149758492,0.07916976038705968,0.009212699041883304,0.7240289829712722,0.02924761579323081
pap_benchmark_semisyn,S3_fixed_85pct,BQR,clean,5,7711,0.07558759334662526,0.00023602795857411126,0.0353360992241344,0.001062073918601255,0.4674757287781787,0.013549870183125668,0.019814627430643286,0.0011330542483677267,0.2621145887235766,0.014328717959500544,0.020436866691847574,0.0018503114696114121,0.27040968249824454,0.02491165517949839
pap_benchmark_semisyn,S3_fixed_85pct,BT,all,5,9922,0.07684781180142651,0.0005113244280025776,0.037867119560624045,0.00026026615060287765,0.4927688149552114,0.004259345133914851,0.017733446674122688,0.0021230749079990834,0.23090320596768996,0.0291799606746719,0.02124724556667978,0.0025845685690484644,0.27632797907709866,0.03212587021186957
pap_benchmark_semisyn,S3_fixed_85pct,BT,censored,5,2211,0.07238370480755073,0.004748265128769813,0.035702975446756054,0.0019233752426060502,0.4938963169916499,0.02038170916627503,0.0026679402128812254,0.0012416335543706922,0.037912928437630215,0.020509912643566965,0.03401278914791345,0.00447431806877427,0.46819075457071996,0.03489352942609181
pap_benchmark_semisyn,S3_fixed_85pct,BT,clean,5,7711,0.07812781965559061,0.000800189549010407,0.038487651610392186,0.0005528420987269006,0.49261667223119177,0.003915723772787156,0.022053228127345992,0.0023885505184752117,0.2820622283032396,0.027644409978426397,0.017586939917852436,0.0020936892043254556,0.2253210994655686,0.02866773725380944
pap_benchmark_semisyn,S3_fixed_85pct,ORACLE,all,5,9922,0.07486074655032779,0.00036659620789991886,0.03458734345986033,0.001037830593630036,0.46203511366156197,0.014177917151166727,0.018909840122520737,0.0009736698688754717,0.2526468465973584,0.014075757696503065,0.02136356296794671,0.0013898741739617024,0.28531803974107955,0.01735238187721018
pap_benchmark_semisyn,S3_fixed_85pct,ORACLE,censored,5,2211,0.0647819887750445,0.002196300937131076,0.02935425876712187,0.001460634613314478,0.4533208220719433,0.021813070818170608,0.001867113882491646,0.00035804020798421986,0.02892639261165924,0.00614600274012906,0.03356061612543098,0.0021445701201382563,0.5177527853163976,0.019650052456357505
pap_benchmark_semisyn,S3_fixed_85pct,ORACLE,clean,5,7711,0.07775066140458162,0.00033112631982466155,0.036087842779746825,0.0009900044677394922,0.46415927878564006,0.01307566601748312,0.023796556205610393,0.0011725022298725346,0.3060412831696196,0.014446840256456837,0.017866262419224406,0.0012884046307574258,0.22979943804474037,0.016702381349555765
pap_benchmark_semisyn,S4_random_uniform,B0_persistence,all,1,9922,0.1892378881530124,0.0,0.0,0.0,0.0,0.0,0.046639227421157926,0.0,0.2464581901455525,0.0,0.14259866073185448,0.0,0.7535418098544475,0.0
pap_benchmark_semisyn,S4_random_uniform,B0_persistence,censored,1,3551,0.29268906126808564,0.0,0.0,0.0,0.0,0.0,0.002746879743945595,0.0,0.009384975755652234,0.0,0.28994218152414003,0.0,0.9906150242443478,0.0
pap_benchmark_semisyn,S4_random_uniform,B0_persistence,clean,1,6371,0.1315773771293701,0.0,0.0,0.0,0.0,0.0,0.07110347582828098,0.0,0.5403928652443825,0.0,0.06047390130108912,0.0,0.45960713475561765,0.0
pap_benchmark_semisyn,S4_random_uniform,B0_climatology,all,1,9922,0.25182106588216463,0.0,0.04800000083115364,0.0,0.19061153864551753,0.0,0.002670500889839687,0.0,0.010604755724008022,0.0,0.20115056416117125,0.0,0.7987837056304742,0.0
pap_benchmark_semisyn,S4_random_uniform,B0_climatology,censored,1,3551,0.3717616227519227,0.0,0.04800000083115365,0.0,0.129114997066774,0.0,0.0,0.0,0.0,0.0,0.32376162192076907,0.0,0.870885002933226,0.0
pap_benchmark_semisyn,S4_random_uniform,B0_climatology,clean,1,6371,0.1849698780867618,0.0,0.04800000083115364,0.0,0.259501716320745,0.0,0.004158956180974631,0.0,0.02248450517453353,0.0,0.13281092107463352,0.0,0.7180137785047215,0.0
pap_benchmark_semisyn,S4_random_uniform,B1,all,5,9922,0.08433771919172171,0.0039250141479952715,0.03430524310849056,0.000541562901425655,0.4075833409937823,0.022859257254674078,0.014453027708298101,0.0017287459852445499,0.17237540598968787,0.0278792082738388,0.03557944837493304,0.005923762508333252,0.4200412530165298,0.05007274776185661
pap_benchmark_semisyn,S4_random_uniform,B1,censored,5,3551,0.10109433730617233,0.010730522090577352,0.03556742700646822,0.0007743132653130678,0.3548809363395831,0.03723073333521909,0.0031560305499579925,0.0008638706146962267,0.032079047739222696,0.010997002733370126,0.06237087974974612,0.011495571689287819,0.6130400159211943,0.04666205660222044
pap_benchmark_semisyn,S4_random_uniform,B1,clean,5,6371,0.07499809418396561,0.00036013115171165623,0.03360174051522128,0.0005476670004631562,0.44805223032914526,0.008258515648181792,0.020749627442918372,0.002280754562346518,0.2767037581461827,0.030707569973077792,0.020646726225825963,0.0029069578543124306,0.2752440115246721,0.03817792487956117
pap_benchmark_semisyn,S4_random_uniform,B4_plain,all,5,9922,0.11824905045593846,0.004346884712397009,0.03905521540751225,0.0016699914000007138,0.33076848425384436,0.02115283383061004,0.00896357140154252,0.0007780717514411184,0.07594190678024891,0.007994141241366196,0.07023026364688369,0.0053573254519120195,0.5932896089659067,0.02360849448953936
pap_benchmark_semisyn,S4_random_uniform,B4_plain,censored,5,3551,0.1808487733432787,0.010877495191607791,0.03829167408286722,0.0017186246249642839,0.21262152928399597,0.019769346351364847,0.00027737474108806124,0.00010666424139036915,0.0015392584956356494,0.0006025216845761958,0.14227972451932341,0.01217218510237268,0.7858392122203683,0.019675888940850598
pap_benchmark_semisyn,S4_random_uniform,B4_plain,clean,5,6371,0.08335788486608675,0.0026218813196845253,0.03948078992388558,0.0017364731839744907,0.4736937616429945,0.016635199199835745,0.0138049910124786,0.0011549592861321563,0.16601835422958386,0.018795199396489614,0.030072103929722566,0.002999337670945195,0.3602878841274216,0.027968284934671295
pap_benchmark_semisyn,S4_random_uniform,B4,all,5,9922,0.11892620308980703,0.007262812711520211,0.037358283712095305,0.0022003575249396295,0.3159124880232929,0.03693424049400583,0.009727355596185793,0.0004559459775905622,0.08200211420976827,0.005850512986020811,0.07184056378152592,0.009311057431575606,0.6020853977669387,0.041383505696469945
pap_benchmark_semisyn,S4_random_uniform,B4,censored,5,3551,0.18875662430904996,0.021005402162869568,0.03494497977982117,0.0025983362106446538,0.18810607322403658,0.03356015105019721,0.0003297924631740592,4.529234872016469e-05,0.0017604994700582456,0.00029110146040360965,0.15348185206605472,0.023492232729448573,0.8101334273059051,0.03369363425391891
pap_benchmark_semisyn,S4_random_uniform,B4,clean,5,6371,0.08000486801689358,0.0010125403081279103,0.03870338530737163,0.0020509511341194843,0.483654456088423,0.02195506207928622,0.014965269061155919,0.0006885913181461127,0.1870464715557568,0.008036643928778836,0.026336213648366025,0.0014762556811064704,0.3292990723558201,0.02030776138570453
pap_benchmark_semisyn,S4_random_uniform,B6,all,5,9922,0.07531474196566305,0.0003915422233419439,0.03557869380490539,0.0012183680350204601,0.47240260992068855,0.016043136432205864,0.020462203437995225,0.0014810552027476858,0.2717557383247758,0.020718147540845902,0.01927384472276244,0.0016541917714440655,0.2558416517545356,0.02082339226037777
pap_benchmark_semisyn,S4_random_uniform,B6,censored,5,3551,0.06969785499955646,0.00211658093577293,0.03417033693470135,0.0017813285606107416,0.490336085833797,0.02238039074761002,0.007655678181024736,0.0010812271163563828,0.11022455136497973,0.018245245631361873,0.027871839883830372,0.0023759063602330514,0.3994393628012232,0.023011278239041588
pap_benchmark_semisyn,S4_random_uniform,B6,clean,5,6371,0.07844542248938688,0.0006812318222639726,0.036363668729735794,0.0009370304757085406,0.46360616586064946,0.01373675335686133,0.027600167837226457,0.0017689801816024903,0.351704993272581,0.019582684275724477,0.014481585922424623,0.0012859342388496138,0.1846888408667695,0.0175283814155105
pap_benchmark_semisyn,S4_random_uniform,BQR,all,5,9922,0.12766344273735267,0.0023674134541010684,0.030934287677015178,0.0015446180813708044,0.24242661831777046,0.01403780449905872,0.011671324352415673,0.0010380510495523931,0.09146563475961762,0.008491189734335039,0.08505783070792179,0.003164903699075491,0.6661077469226118,0.013996129478163505
pap_benchmark_semisyn,S4_random_uniform,BQR,censored,5,3551,0.215610450006008,0.005507475071963279,0.026219431035263287,0.001806478072281054,0.12168342967481803,0.009184136697260889,0.0004152828051937309,8.064510941235282e-05,0.0019269706089959737,0.00037426176159053567,0.18897573616555102,0.005937449409863309,0.876389599716186,0.008907087618952104
pap_benchmark_semisyn,S4_random_uniform,BQR,clean,5,6371,0.07864447824025719,0.0009056123719552832,0.033562204163416216,0.0016216560119744123,0.42684541067389803,0.02215934216862817,0.01794509668551646,0.0015718547679432126,0.22834061490633217,0.02187883367737559,0.027137177391324516,0.002699076737392516,0.34481397441976974,0.030384406761689384
pap_benchmark_semisyn,S4_random_uniform,BT,all,5,9922,0.07856493100913528,0.0016222343997894966,0.037964194984303944,0.0012778113746110275,0.4831350033647552,0.0075829580867092005,0.016226585072894994,0.0029661380963122022,0.20718848238403642,0.04207333642439779,0.02437415095193634,0.0035049935163633562,0.30967651425120835,0.03940570585687548
pap_benchmark_semisyn,S4_random_uniform,BT,censored,5,3551,0.0813619932057432,0.0056277862688708016,0.03910127124212023,0.002043140050564126,0.48129749715833275,0.01881133162838545,0.004069770087086926,0.001709917404042988,0.051404319602557286,0.02573925620708508,0.038190951876536025,0.005701762875281695,0.4672981832391099,0.042339372794294644
pap_benchmark_semisyn,S4_random_uniform,BT,clean,5,6371,0.0770059343272714,0.0009099649748980561,0.0373304235525812,0.0008969885079223742,0.48485006854942414,0.013975351694099568,0.023002420893740144,0.003672841613924519,0.2983782257075799,0.04437222877078763,0.016673089880950075,0.002287361479075485,0.21677170574299606,0.03149891146030772
pap_benchmark_semisyn,S4_random_uniform,ORACLE,all,5,9922,0.07495578868881189,0.00027490143989693277,0.03449961473315159,0.0007393911374796991,0.4602809991293116,0.01054710543922325,0.02004497236325426,0.0010563470633761405,0.2674489689550759,0.01462465029976755,0.02041120159240604,0.0013128629963539218,0.2722700319156125,0.016630181394297058
pap_benchmark_semisyn,S4_random_uniform,ORACLE,censored,5,3551,0.07060185719851786,0.0012551835186066648,0.0326605274276462,0.0009049930101967168,0.4627059756036558,0.014695752890861299,0.007413343092971422,0.0005137660694667324,0.10507793992927063,0.008359470658398543,0.030527986677900236,0.0015169239109823801,0.4322160844670736,0.014286054251600745
pap_benchmark_semisyn,S4_random_uniform,ORACLE,clean,5,6371,0.07738253656544572,0.0005072287200752555,0.03552466559201985,0.0007002317291313741,0.4590876803862531,0.009129919726459441,0.027085455103604966,0.0014124629789789005,0.34996236488331367,0.016628197732596623,0.014772415869820905,0.0012699851165130745,0.19094995473043333,0.01708280162348601
pap_benchmark_semisyn,S5_wind_triggered,B0_persistence,all,1,9922,0.20018103784913258,0.0,0.0,0.0,0.0,0.0,0.04363914627399362,0.0,0.21799840156130312,0.0,0.15654189157513895,0.0,0.7820015984386969,0.0
pap_benchmark_semisyn,S5_wind_triggered,B0_persistence,censored,1,3167,0.33600912506380104,0.0,0.0,0.0,0.0,0.0,5.685985747067229e-05,0.0,0.00016922117058539946,0.0,0.33595226520633037,0.0,0.9998307788294146,0.0
pap_benchmark_semisyn,S5_wind_triggered,B0_persistence,clean,1,6755,0.13649968296995346,0.0,0.0,0.0,0.0,0.0,0.06407217382116286,0.0,0.46939430500557666,0.0,0.0724275091487906,0.0,0.5306056949944233,0.0
pap_benchmark_semisyn,S5_wind_triggered,B0_climatology,all,1,9922,0.2437486704882799,0.0,0.05233333466781509,0.0,0.214702031247926,0.0,0.002670500889839687,0.0,0.010955960844791938,0.0,0.18874483493062508,0.0,0.7743420079072819,0.0
pap_benchmark_semisyn,S5_wind_triggered,B0_climatology,censored,1,3167,0.46879855447220353,0.0,0.05233333466781509,0.0,0.11163288403637364,0.0,0.0,0.0,0.0,0.0,0.41646521980438844,0.0,0.8883671159636264,0.0
pap_benchmark_semisyn,S5_wind_triggered,B0_climatology,clean,1,6755,0.13823675596909615,0.0,0.0523333346678151,0.0,0.37857756644343277,0.0,0.003922532913247872,0.0,0.028375469937422307,0.0,0.08198088838803316,0.0,0.5930469636191448,0.0
pap_benchmark_semisyn,S5_wind_triggered,B1,all,5,9922,0.10978579882755547,0.0014457620738802112,0.0332404849523189,0.0007500885362532458,0.30277757343539585,0.005630747003124162,0.011782297022763687,0.0007100830778435299,0.10735421444805739,0.006957137921752345,0.06476301685247289,0.0015591426676198393,0.5898682121165468,0.009333308481837412
pap_benchmark_semisyn,S5_wind_triggered,B1,censored,5,3167,0.1876285210875709,0.00445211904598481,0.030203473881868313,0.001135208838131125,0.16098311825959624,0.004996565361760087,0.0,0.0,0.0,0.0,0.15742504720570258,0.00392680227211636,0.8390168817404038,0.00499656536176013
pap_benchmark_semisyn,S5_wind_triggered,B1,clean,5,6755,0.0732901805599805,0.00010886004067701954,0.034664350838346576,0.0005995126030254271,0.4729770529383532,0.008372531092742927,0.017306284390801084,0.0010429969353609933,0.236146049520004,0.014476995146915896,0.021319545330832846,0.001331767029617349,0.29087689754164286,0.017851770302504393
pap_benchmark_semisyn,S5_wind_triggered,B4_plain,all,5,9922,0.14722314940637635,0.004256964113931336,0.02611723588170952,0.0011150629067418144,0.17767020838735517,0.012349914518876582,0.011308855689948074,0.0009453370521383506,0.07696313418774767,0.008077820622120096,0.10979705783471877,0.005871336405648715,0.7453666574248972,0.018752971599387977
pap_benchmark_semisyn,S5_wind_triggered,B4_plain,censored,5,3167,0.292930490450391,0.010913588732733365,0.014574513484527199,0.0015034934657299896,0.049961321629418354,0.007041919536708591,0.0,0.0,0.0,0.0,0.2783559769658638,0.012386884554246448,0.9500386783705816,0.00704191953670857
pap_benchmark_semisyn,S5_wind_triggered,B4_plain,clean,5,6755,0.07891002592948601,0.001159184306598466,0.03152890158591032,0.0010770706321781287,0.3997372979838083,0.018240708659710267,0.016610875818751265,0.0013885468884258629,0.21068174065184772,0.019847258958380836,0.030770248524824424,0.0030444664705528567,0.3895809613643439,0.03320787337177944
pap_benchmark_semisyn,S5_wind_triggered,B4,all,5,9922,0.14827816308488526,0.004340559255881012,0.025699949940725504,0.0011950186923931573,0.17362183409457033,0.013105943749718001,0.011594177314306554,0.000434143817607232,0.0782729826375395,0.004364366979645317,0.1109840358298532,0.005668000217032942,0.7481051832678902,0.0168486826071383
pap_benchmark_semisyn,S5_wind_triggered,B4,censored,5,3167,0.29557709341346683,0.011469246568262563,0.01391021851933396,0.0017004756106746373,0.04729873030406737,0.007670496010086138,0.0,0.0,0.0,0.0,0.2816668748941329,0.013162424067352971,0.9527012696959326,0.007670496010086135
pap_benchmark_semisyn,S5_wind_triggered,B4,clean,5,6755,0.07921884223357246,0.0010153490302299449,0.031227422836587387,0.0010727329836343114,0.39434884961729727,0.0177420117727291,0.017029967033686103,0.000637686892420275,0.21504223326258046,0.00967358615633635,0.030961452363298975,0.0023644243218083954,0.39060891712012225,0.025487366039121676
pap_benchmark_semisyn,S5_wind_triggered,B6,all,5,9922,0.10524703708089742,0.0009240742088705071,0.03094778420007242,0.00046869257710680076,0.29406188161803404,0.00477328937047913,0.013811561144213745,0.0005048212024181435,0.1312641341258849,0.005748723374241521,0.060487691736611254,0.0014234267522601795,0.5746739842560811,0.009495252474230704
pap_benchmark_semisyn,S5_wind_triggered,B6,censored,5,3167,0.17309619490618317,0.0031970665473567673,0.025351914645503355,0.0005309809251262086,0.14647781519916966,0.0028683022892337286,0.0,0.0,0.0,0.0,0.14774428026067982,0.002959468910381091,0.8535221848008303,0.00286830228923377
pap_benchmark_semisyn,S5_wind_triggered,B6,clean,5,6755,0.07343678055496404,0.00026591475474618863,0.03357133991869865,0.0004754094141850652,0.45715120309730695,0.006688064671057447,0.020286944437141196,0.0007415005137517102,0.27623772631005233,0.009608870343053182,0.01957849619912419,0.0009816101976470725,0.2666110705926408,0.013509170824533978
pap_benchmark_semisyn,S5_wind_triggered,BQR,all,5,9922,0.1336266871058533,0.003255084480643456,0.031430956663473696,0.0017994990221427106,0.23556074828515344,0.018744687305877212,0.010995870822929929,0.0004002133329288526,0.08229962983435328,0.0027338577165327014,0.09119985961944967,0.004750530583719353,0.6821396218804933,0.019251909130016894
pap_benchmark_semisyn,S5_wind_triggered,BQR,censored,5,3167,0.25659308896924166,0.00949349860678808,0.027482577499853195,0.0024555028046433437,0.10745170802116667,0.013001442417557567,0.0,0.0,0.0,0.0,0.2291105114693885,0.011588803519619733,0.8925482919788333,0.013001442417557638
pap_benchmark_semisyn,S5_wind_triggered,BQR,clean,5,6755,0.07597537774962072,0.0004308429276869136,0.033282106450473865,0.0016066683911145204,0.43815992512677543,0.023315097095147203,0.016151151784620392,0.0005878485106321371,0.21258209800046532,0.007596112983324299,0.02654211951452647,0.0018097840476589877,0.3492579768727592,0.021832573579325443
pap_benchmark_semisyn,S5_wind_triggered,BT,all,5,9922,0.09256984699790842,0.006076839813052081,0.03422090745077094,0.0014092375572687206,0.3716169617982983,0.03830538105916767,0.011386577502645961,0.0015370583187178859,0.12422106507219696,0.02474769615510119,0.04696236204449152,0.00853922755890107,0.5041619731295047,0.06084674550791566
pap_benchmark_semisyn,S5_wind_triggered,BT,censored,5,3167,0.13107540101124104,0.01866044398083469,0.031076630223465997,0.0019500153408034905,0.2424054840333753,0.0482771546563392,4.978640449300957e-05,7.677353062273976e-05,0.000426934527011166,0.0006772834159974274,0.09994898438328205,0.020086173168241128,0.7571675814396137,0.048744825561523486
pap_benchmark_semisyn,S5_wind_triggered,BT,clean,5,6755,0.0745169839986154,0.0003990091221478891,0.035695063776289046,0.0011877401921033656,0.4790411579464193,0.016581041038988626,0.016701694809507603,0.0022540547652029046,0.22424717329339347,0.03140697093526044,0.022120225412818748,0.003365902703123724,0.2967116687601871,0.04422219700337127
pap_benchmark_semisyn,S5_wind_triggered,ORACLE,all,5,9922,0.07515151618853572,0.0003939867638132154,0.0349063606757187,0.0013247280527769205,0.46448422142674567,0.017581850134394998,0.019002764096764806,0.0016991831022862165,0.252933329656455,0.02369571170871555,0.021242391416052213,0.0015989070006880042,0.28258244891679946,0.019937508032357748
pap_benchmark_semisyn,S5_wind_triggered,ORACLE,censored,5,3167,0.06184540238803748,0.0037102789993312133,0.028830649137211502,0.002133094456872944,0.46614420277797863,0.01851668506021717,0.0015396196302755153,0.00042928451505506115,0.025252628292262838,0.008419622196404998,0.03147513362055046,0.0024714934368164944,0.5086031689297585,0.01666789233274444
pap_benchmark_semisyn,S5_wind_triggered,ORACLE,clean,5,6755,0.08138992661135998,0.0013896088859400592,0.03775488450139631,0.0011404177947349117,0.4640495616611925,0.018330440862528743,0.02719014803834461,0.0023489452844466497,0.33387708301179303,0.02498182413670941,0.01644489407161906,0.001692449712878633,0.20207335532701456,0.020579762315095663
